level,topType,prop,lv1type,prop1,lv2type,prop2,lv3type
0,https://schema.org/Dataset,https://schema.org/sameAs,,,,,
0,https://schema.org/Dataset,https://schema.org/isAccessibleForFree,,,,,
0,https://schema.org/Dataset,https://schema.org/keywords,,,,,
0,https://schema.org/Dataset,https://schema.org/license,,,,,
0,https://schema.org/Dataset,https://schema.org/measurementTechnique,,,,,
0,https://schema.org/Dataset,https://schema.org/name,,,,,
0,https://schema.org/Dataset,https://schema.org/producer,,,,,
0,https://schema.org/Dataset,https://schema.org/provider,,,,,
0,https://schema.org/Dataset,https://schema.org/publisher,,,,,
0,https://schema.org/Dataset,https://schema.org/about,,,,,
0,https://schema.org/Dataset,https://schema.org/spatialCoverage,,,,,
0,https://schema.org/Dataset,https://schema.org/ssdb,,,,,
0,https://schema.org/Dataset,https://schema.org/subjectOf,,,,,
0,https://schema.org/Dataset,https://schema.org/temporalCoverage,,,,,
0,https://schema.org/Dataset,https://schema.org/url,,,,,
0,https://schema.org/Dataset,https://schema.org/variableMeasured,,,,,
0,https://schema.org/Dataset,https://schema.org/version,,,,,
0,https://schema.org/Dataset,http://www.w3.org/1999/02/22-rdf-syntax-ns#type,,,,,
0,https://schema.org/Dataset,https://schema.org/identifier,,,,,
0,https://schema.org/Dataset,https://schema.org/abstract,,,,,
0,https://schema.org/Dataset,https://schema.org/additionalProperty,,,,,
0,https://schema.org/Dataset,https://schema.org/alternateName,,,,,
0,https://schema.org/Dataset,https://schema.org/author,,,,,
0,https://schema.org/Dataset,https://schema.org/citation,,,,,
0,https://schema.org/Dataset,https://schema.org/contributor,,,,,
0,https://schema.org/Dataset,https://schema.org/creator,,,,,
0,https://schema.org/Dataset,https://schema.org/creditText,,,,,
0,https://schema.org/Dataset,https://schema.org/dateModified,,,,,
0,https://schema.org/Dataset,https://schema.org/datePublished,,,,,
0,https://schema.org/Dataset,https://schema.org/description,,,,,
0,https://schema.org/Dataset,https://schema.org/distribution,,,,,
0,https://schema.org/Dataset,https://schema.org/funding,,,,,
0,https://schema.org/Dataset,https://schema.org/headline,,,,,
0,https://schema.org/Dataset,https://schema.org/includedInDataCatalog,,,,,
0,https://schema.org/Dataset,https://schema.org/dateCreated,,,,,
1,https://schema.org/Dataset,https://schema.org/keywords,https://schema.org/DefinedTerm,,,,
1,https://schema.org/Dataset,https://schema.org/license,https://schema.org/CreativeWork,,,,
1,https://schema.org/Dataset,https://schema.org/producer,https://schema.org/ResearchProject,,,,
1,https://schema.org/Dataset,https://schema.org/provider,https://schema.org/Organization,,,,
1,https://schema.org/Dataset,https://schema.org/provider,https://schema.org/ResearchProject,,,,
1,https://schema.org/Dataset,https://schema.org/provider,https://schema.org/Service,,,,
1,https://schema.org/Dataset,https://schema.org/publisher,https://schema.org/Organization,,,,
1,https://schema.org/Dataset,https://schema.org/publisher,https://schema.org/ResearchProject,,,,
1,https://schema.org/Dataset,https://schema.org/spatialCoverage,https://schema.org/Place,,,,
1,https://schema.org/Dataset,https://schema.org/subjectOf,https://schema.org/DataDownload,,,,
1,https://schema.org/Dataset,https://schema.org/subjectOf,https://schema.org/Event,,,,
1,https://schema.org/Dataset,https://schema.org/variableMeasured,https://schema.org/PropertyValue,,,,
1,https://schema.org/Dataset,https://schema.org/publisher,https://schema.org/Service,,,,
1,https://schema.org/Dataset,https://schema.org/includedInDataCatalog,https://schema.org/OfferCatalog,,,,
1,https://schema.org/Dataset,https://schema.org/about,https://schema.org/Event,,,,
1,https://schema.org/Dataset,https://schema.org/additionalProperty,https://schema.org/PropertyValue,,,,
1,https://schema.org/Dataset,https://schema.org/author,https://schema.org/Organization,,,,
1,https://schema.org/Dataset,https://schema.org/creator,https://schema.org/Organization,,,,
1,https://schema.org/Dataset,https://schema.org/creator,https://schema.org/Person,,,,
1,https://schema.org/Dataset,https://schema.org/includedInDataCatalog,https://schema.org/Service,,,,
1,https://schema.org/Dataset,https://schema.org/distribution,https://schema.org/DataDownload,,,,
1,https://schema.org/Dataset,https://schema.org/funding,https://schema.org/Grant,,,,
1,https://schema.org/Dataset,https://schema.org/funding,https://schema.org/MonetaryGrant,,,,
1,https://schema.org/Dataset,https://schema.org/identifier,https://schema.org/PropertyValue,,,,
1,https://schema.org/Dataset,https://schema.org/includedInDataCatalog,https://schema.org/DataCatalog,,,,
1,https://schema.org/Dataset,https://schema.org/creator,https://schema.org/Role,,,,
2,https://schema.org/Dataset,https://schema.org/publisher,https://schema.org/Organization,https://schema.org/logo,https://schema.org/ImageObject,,
2,https://schema.org/Dataset,https://schema.org/publisher,https://schema.org/Organization,https://schema.org/parentOrganization,https://schema.org/Organization,,
2,https://schema.org/Dataset,https://schema.org/publisher,https://schema.org/Organization,https://schema.org/publishingPrinciples,https://schema.org/DigitalDocument,,
2,https://schema.org/Dataset,https://schema.org/publisher,https://schema.org/ResearchProject,https://schema.org/address,https://schema.org/PostalAddress,,
2,https://schema.org/Dataset,https://schema.org/publisher,https://schema.org/ResearchProject,https://schema.org/availableChannel,https://schema.org/ServiceChannel,,
2,https://schema.org/Dataset,https://schema.org/publisher,https://schema.org/ResearchProject,https://schema.org/category,https://schema.org/DefinedTerm,,
2,https://schema.org/Dataset,https://schema.org/publisher,https://schema.org/ResearchProject,https://schema.org/contactPoint,https://schema.org/ContactPoint,,
2,https://schema.org/Dataset,https://schema.org/publisher,https://schema.org/ResearchProject,https://schema.org/funder,https://schema.org/Organization,,
2,https://schema.org/Dataset,https://schema.org/publisher,https://schema.org/ResearchProject,https://schema.org/hasOfferCatalog,https://schema.org/DataCatalog,,
2,https://schema.org/Dataset,https://schema.org/publisher,https://schema.org/ResearchProject,https://schema.org/hasOfferCatalog,https://schema.org/OfferCatalog,,
2,https://schema.org/Dataset,https://schema.org/publisher,https://schema.org/ResearchProject,https://schema.org/hasOfferCatalog,https://schema.org/Service,,
2,https://schema.org/Dataset,https://schema.org/provider,https://schema.org/Service,https://schema.org/knowsAbout,https://schema.org/DefinedTerm,,
2,https://schema.org/Dataset,https://schema.org/publisher,https://schema.org/Organization,https://schema.org/knowsAbout,https://schema.org/DefinedTerm,,
2,https://schema.org/Dataset,https://schema.org/publisher,https://schema.org/Organization,https://schema.org/identifier,https://schema.org/PropertyValue,,
2,https://schema.org/Dataset,https://schema.org/publisher,https://schema.org/Organization,https://schema.org/hasOfferCatalog,https://schema.org/Service,,
2,https://schema.org/Dataset,https://schema.org/publisher,https://schema.org/Organization,https://schema.org/hasOfferCatalog,https://schema.org/OfferCatalog,,
2,https://schema.org/Dataset,https://schema.org/publisher,https://schema.org/Organization,https://schema.org/hasOfferCatalog,https://schema.org/DataCatalog,,
2,https://schema.org/Dataset,https://schema.org/publisher,https://schema.org/Organization,https://schema.org/funder,https://schema.org/Organization,,
2,https://schema.org/Dataset,https://schema.org/publisher,https://schema.org/Organization,https://schema.org/contactPoint,https://schema.org/ContactPoint,,
2,https://schema.org/Dataset,https://schema.org/publisher,https://schema.org/Organization,https://schema.org/category,https://schema.org/DefinedTerm,,
2,https://schema.org/Dataset,https://schema.org/publisher,https://schema.org/Organization,https://schema.org/availableChannel,https://schema.org/ServiceChannel,,
2,https://schema.org/Dataset,https://schema.org/publisher,https://schema.org/Organization,https://schema.org/address,https://schema.org/PostalAddress,,
2,https://schema.org/Dataset,https://schema.org/provider,https://schema.org/Service,https://schema.org/publishingPrinciples,https://schema.org/DigitalDocument,,
2,https://schema.org/Dataset,https://schema.org/provider,https://schema.org/Service,https://schema.org/parentOrganization,https://schema.org/Organization,,
2,https://schema.org/Dataset,https://schema.org/provider,https://schema.org/Service,https://schema.org/logo,https://schema.org/ImageObject,,
2,https://schema.org/Dataset,https://schema.org/publisher,https://schema.org/Service,https://schema.org/knowsAbout,https://schema.org/DefinedTerm,,
2,https://schema.org/Dataset,https://schema.org/publisher,https://schema.org/ResearchProject,https://schema.org/logo,https://schema.org/ImageObject,,
2,https://schema.org/Dataset,https://schema.org/variableMeasured,https://schema.org/PropertyValue,https://schema.org/valueReference,https://schema.org/PropertyValue,,
2,https://schema.org/Dataset,https://schema.org/subjectOf,https://schema.org/Event,https://schema.org/potentialAction,https://schema.org/Action,,
2,https://schema.org/Dataset,https://schema.org/subjectOf,https://schema.org/DataDownload,https://schema.org/about,https://schema.org/Dataset,,
2,https://schema.org/Dataset,https://schema.org/subjectOf,https://schema.org/DataDownload,http://spdx.org/rdf/terms#checksum,http://spdx.org/rdf/terms#Checksum,,
2,https://schema.org/Dataset,https://schema.org/spatialCoverage,https://schema.org/Place,https://schema.org/geo,https://schema.org/GeoShape,,
2,https://schema.org/Dataset,https://schema.org/spatialCoverage,https://schema.org/Place,https://schema.org/geo,https://schema.org/Geoshape,,
2,https://schema.org/Dataset,https://schema.org/spatialCoverage,https://schema.org/Place,https://schema.org/geo,https://schema.org/GeoCoordinates,,
2,https://schema.org/Dataset,https://schema.org/spatialCoverage,https://schema.org/Place,https://schema.org/additionalProperty,https://schema.org/PropertyValue,,
2,https://schema.org/Dataset,https://schema.org/publisher,https://schema.org/Service,https://schema.org/publishingPrinciples,https://schema.org/DigitalDocument,,
2,https://schema.org/Dataset,https://schema.org/publisher,https://schema.org/Service,https://schema.org/parentOrganization,https://schema.org/Organization,,
2,https://schema.org/Dataset,https://schema.org/publisher,https://schema.org/Service,https://schema.org/logo,https://schema.org/ImageObject,,
2,https://schema.org/Dataset,https://schema.org/publisher,https://schema.org/ResearchProject,https://schema.org/identifier,https://schema.org/PropertyValue,,
2,https://schema.org/Dataset,https://schema.org/publisher,https://schema.org/Service,https://schema.org/identifier,https://schema.org/PropertyValue,,
2,https://schema.org/Dataset,https://schema.org/publisher,https://schema.org/Service,https://schema.org/hasOfferCatalog,https://schema.org/Service,,
2,https://schema.org/Dataset,https://schema.org/publisher,https://schema.org/Service,https://schema.org/hasOfferCatalog,https://schema.org/OfferCatalog,,
2,https://schema.org/Dataset,https://schema.org/publisher,https://schema.org/Service,https://schema.org/hasOfferCatalog,https://schema.org/DataCatalog,,
2,https://schema.org/Dataset,https://schema.org/publisher,https://schema.org/Service,https://schema.org/funder,https://schema.org/Organization,,
2,https://schema.org/Dataset,https://schema.org/publisher,https://schema.org/Service,https://schema.org/contactPoint,https://schema.org/ContactPoint,,
2,https://schema.org/Dataset,https://schema.org/publisher,https://schema.org/Service,https://schema.org/category,https://schema.org/DefinedTerm,,
2,https://schema.org/Dataset,https://schema.org/publisher,https://schema.org/Service,https://schema.org/availableChannel,https://schema.org/ServiceChannel,,
2,https://schema.org/Dataset,https://schema.org/publisher,https://schema.org/Service,https://schema.org/address,https://schema.org/PostalAddress,,
2,https://schema.org/Dataset,https://schema.org/publisher,https://schema.org/ResearchProject,https://schema.org/publishingPrinciples,https://schema.org/DigitalDocument,,
2,https://schema.org/Dataset,https://schema.org/publisher,https://schema.org/ResearchProject,https://schema.org/parentOrganization,https://schema.org/Organization,,
2,https://schema.org/Dataset,https://schema.org/publisher,https://schema.org/ResearchProject,https://schema.org/knowsAbout,https://schema.org/DefinedTerm,,
2,https://schema.org/Dataset,https://schema.org/includedInDataCatalog,https://schema.org/DataCatalog,https://schema.org/audience,https://schema.org/Audience,,
2,https://schema.org/Dataset,https://schema.org/provider,https://schema.org/Organization,https://schema.org/hasOfferCatalog,https://schema.org/Service,,
2,https://schema.org/Dataset,https://schema.org/provider,https://schema.org/Organization,https://schema.org/hasOfferCatalog,https://schema.org/OfferCatalog,,
2,https://schema.org/Dataset,https://schema.org/provider,https://schema.org/Organization,https://schema.org/hasOfferCatalog,https://schema.org/DataCatalog,,
2,https://schema.org/Dataset,https://schema.org/provider,https://schema.org/Organization,https://schema.org/funder,https://schema.org/Organization,,
2,https://schema.org/Dataset,https://schema.org/provider,https://schema.org/Organization,https://schema.org/contactPoint,https://schema.org/ContactPoint,,
2,https://schema.org/Dataset,https://schema.org/provider,https://schema.org/Organization,https://schema.org/category,https://schema.org/DefinedTerm,,
2,https://schema.org/Dataset,https://schema.org/provider,https://schema.org/Organization,https://schema.org/availableChannel,https://schema.org/ServiceChannel,,
2,https://schema.org/Dataset,https://schema.org/provider,https://schema.org/Organization,https://schema.org/address,https://schema.org/PostalAddress,,
2,https://schema.org/Dataset,https://schema.org/includedInDataCatalog,https://schema.org/Service,https://schema.org/potentialAction,https://schema.org/SearchAction,,
2,https://schema.org/Dataset,https://schema.org/includedInDataCatalog,https://schema.org/Service,https://schema.org/audience,https://schema.org/Audience,,
2,https://schema.org/Dataset,https://schema.org/includedInDataCatalog,https://schema.org/OfferCatalog,https://schema.org/potentialAction,https://schema.org/SearchAction,,
2,https://schema.org/Dataset,https://schema.org/includedInDataCatalog,https://schema.org/OfferCatalog,https://schema.org/audience,https://schema.org/Audience,,
2,https://schema.org/Dataset,https://schema.org/includedInDataCatalog,https://schema.org/DataCatalog,https://schema.org/potentialAction,https://schema.org/SearchAction,,
2,https://schema.org/Dataset,https://schema.org/provider,https://schema.org/Service,https://schema.org/hasOfferCatalog,https://schema.org/Service,,
2,https://schema.org/Dataset,https://schema.org/funding,https://schema.org/MonetaryGrant,https://schema.org/funder,https://schema.org/FundingAgency,,
2,https://schema.org/Dataset,https://schema.org/funding,https://schema.org/Grant,https://schema.org/funder,https://schema.org/Organization,,
2,https://schema.org/Dataset,https://schema.org/distribution,https://schema.org/DataDownload,http://spdx.org/rdf/terms#checksum,http://spdx.org/rdf/terms#Checksum,,
2,https://schema.org/Dataset,https://schema.org/creator,https://schema.org/Role,https://schema.org/creator,https://schema.org/Person,,
2,https://schema.org/Dataset,https://schema.org/about,https://schema.org/Event,https://schema.org/superEvent,https://schema.org/Event,,
2,https://schema.org/Dataset,https://schema.org/about,https://schema.org/Event,https://schema.org/superEvent,https://schema.org/BoatTrip,,
2,https://schema.org/Dataset,https://schema.org/about,https://schema.org/Event,https://schema.org/subjectOf,https://schema.org/Dataset,,
2,https://schema.org/Dataset,https://schema.org/about,https://schema.org/Event,https://schema.org/location,https://schema.org/Place,,
2,https://schema.org/Dataset,https://schema.org/about,https://schema.org/Event,https://schema.org/funding,https://schema.org/MonetaryGrant,,
2,https://schema.org/Dataset,https://schema.org/about,https://schema.org/Event,https://schema.org/contributor,https://schema.org/Person,,
2,https://schema.org/Dataset,https://schema.org/about,https://schema.org/Event,http://www.opengis.net/ont/geosparql#hasGeometry,http://www.opengis.net/ont/sf#Point,,
2,https://schema.org/Dataset,https://schema.org/provider,https://schema.org/Service,https://schema.org/identifier,https://schema.org/PropertyValue,,
2,https://schema.org/Dataset,https://schema.org/provider,https://schema.org/Organization,https://schema.org/knowsAbout,https://schema.org/DefinedTerm,,
2,https://schema.org/Dataset,https://schema.org/provider,https://schema.org/Organization,https://schema.org/identifier,https://schema.org/PropertyValue,,
2,https://schema.org/Dataset,https://schema.org/provider,https://schema.org/Service,https://schema.org/hasOfferCatalog,https://schema.org/OfferCatalog,,
2,https://schema.org/Dataset,https://schema.org/provider,https://schema.org/Service,https://schema.org/hasOfferCatalog,https://schema.org/DataCatalog,,
2,https://schema.org/Dataset,https://schema.org/provider,https://schema.org/Service,https://schema.org/funder,https://schema.org/Organization,,
2,https://schema.org/Dataset,https://schema.org/provider,https://schema.org/Service,https://schema.org/contactPoint,https://schema.org/ContactPoint,,
2,https://schema.org/Dataset,https://schema.org/provider,https://schema.org/Service,https://schema.org/category,https://schema.org/DefinedTerm,,
2,https://schema.org/Dataset,https://schema.org/provider,https://schema.org/Service,https://schema.org/availableChannel,https://schema.org/ServiceChannel,,
2,https://schema.org/Dataset,https://schema.org/provider,https://schema.org/Service,https://schema.org/address,https://schema.org/PostalAddress,,
2,https://schema.org/Dataset,https://schema.org/provider,https://schema.org/ResearchProject,https://schema.org/publishingPrinciples,https://schema.org/DigitalDocument,,
2,https://schema.org/Dataset,https://schema.org/provider,https://schema.org/ResearchProject,https://schema.org/parentOrganization,https://schema.org/Organization,,
2,https://schema.org/Dataset,https://schema.org/provider,https://schema.org/ResearchProject,https://schema.org/logo,https://schema.org/ImageObject,,
2,https://schema.org/Dataset,https://schema.org/provider,https://schema.org/ResearchProject,https://schema.org/knowsAbout,https://schema.org/DefinedTerm,,
2,https://schema.org/Dataset,https://schema.org/provider,https://schema.org/ResearchProject,https://schema.org/hasOfferCatalog,https://schema.org/Service,,
2,https://schema.org/Dataset,https://schema.org/provider,https://schema.org/ResearchProject,https://schema.org/identifier,https://schema.org/PropertyValue,,
2,https://schema.org/Dataset,https://schema.org/provider,https://schema.org/Organization,https://schema.org/logo,https://schema.org/ImageObject,,
2,https://schema.org/Dataset,https://schema.org/provider,https://schema.org/Organization,https://schema.org/parentOrganization,https://schema.org/Organization,,
2,https://schema.org/Dataset,https://schema.org/provider,https://schema.org/Organization,https://schema.org/publishingPrinciples,https://schema.org/DigitalDocument,,
2,https://schema.org/Dataset,https://schema.org/provider,https://schema.org/ResearchProject,https://schema.org/address,https://schema.org/PostalAddress,,
2,https://schema.org/Dataset,https://schema.org/provider,https://schema.org/ResearchProject,https://schema.org/availableChannel,https://schema.org/ServiceChannel,,
2,https://schema.org/Dataset,https://schema.org/provider,https://schema.org/ResearchProject,https://schema.org/category,https://schema.org/DefinedTerm,,
2,https://schema.org/Dataset,https://schema.org/provider,https://schema.org/ResearchProject,https://schema.org/contactPoint,https://schema.org/ContactPoint,,
2,https://schema.org/Dataset,https://schema.org/provider,https://schema.org/ResearchProject,https://schema.org/funder,https://schema.org/Organization,,
2,https://schema.org/Dataset,https://schema.org/provider,https://schema.org/ResearchProject,https://schema.org/hasOfferCatalog,https://schema.org/DataCatalog,,
2,https://schema.org/Dataset,https://schema.org/provider,https://schema.org/ResearchProject,https://schema.org/hasOfferCatalog,https://schema.org/OfferCatalog,,
3,https://schema.org/Dataset,https://schema.org/publisher,https://schema.org/Organization,https://schema.org/hasOfferCatalog,https://schema.org/OfferCatalog,https://schema.org/potentialAction,https://schema.org/SearchAction
3,https://schema.org/Dataset,https://schema.org/publisher,https://schema.org/Organization,https://schema.org/hasOfferCatalog,https://schema.org/Service,https://schema.org/audience,https://schema.org/Audience
3,https://schema.org/Dataset,https://schema.org/publisher,https://schema.org/Organization,https://schema.org/hasOfferCatalog,https://schema.org/Service,https://schema.org/potentialAction,https://schema.org/SearchAction
3,https://schema.org/Dataset,https://schema.org/publisher,https://schema.org/Organization,https://schema.org/parentOrganization,https://schema.org/Organization,https://schema.org/address,https://schema.org/PostalAddress
3,https://schema.org/Dataset,https://schema.org/publisher,https://schema.org/ResearchProject,https://schema.org/availableChannel,https://schema.org/ServiceChannel,https://schema.org/providesService,https://schema.org/DataCatalog
3,https://schema.org/Dataset,https://schema.org/publisher,https://schema.org/ResearchProject,https://schema.org/availableChannel,https://schema.org/ServiceChannel,https://schema.org/providesService,https://schema.org/OfferCatalog
3,https://schema.org/Dataset,https://schema.org/publisher,https://schema.org/ResearchProject,https://schema.org/availableChannel,https://schema.org/ServiceChannel,https://schema.org/providesService,https://schema.org/Service
3,https://schema.org/Dataset,https://schema.org/publisher,https://schema.org/ResearchProject,https://schema.org/funder,https://schema.org/Organization,https://schema.org/identifier,https://schema.org/PropertyValue
3,https://schema.org/Dataset,https://schema.org/publisher,https://schema.org/ResearchProject,https://schema.org/funder,https://schema.org/Organization,https://schema.org/parentOrganization,https://schema.org/Organization
3,https://schema.org/Dataset,https://schema.org/publisher,https://schema.org/ResearchProject,https://schema.org/hasOfferCatalog,https://schema.org/DataCatalog,https://schema.org/audience,https://schema.org/Audience
3,https://schema.org/Dataset,https://schema.org/publisher,https://schema.org/ResearchProject,https://schema.org/hasOfferCatalog,https://schema.org/DataCatalog,https://schema.org/potentialAction,https://schema.org/SearchAction
3,https://schema.org/Dataset,https://schema.org/publisher,https://schema.org/ResearchProject,https://schema.org/hasOfferCatalog,https://schema.org/OfferCatalog,https://schema.org/audience,https://schema.org/Audience
3,https://schema.org/Dataset,https://schema.org/publisher,https://schema.org/ResearchProject,https://schema.org/hasOfferCatalog,https://schema.org/OfferCatalog,https://schema.org/potentialAction,https://schema.org/SearchAction
3,https://schema.org/Dataset,https://schema.org/publisher,https://schema.org/ResearchProject,https://schema.org/hasOfferCatalog,https://schema.org/Service,https://schema.org/audience,https://schema.org/Audience
3,https://schema.org/Dataset,https://schema.org/publisher,https://schema.org/Organization,https://schema.org/hasOfferCatalog,https://schema.org/OfferCatalog,https://schema.org/audience,https://schema.org/Audience
3,https://schema.org/Dataset,https://schema.org/publisher,https://schema.org/Organization,https://schema.org/hasOfferCatalog,https://schema.org/DataCatalog,https://schema.org/potentialAction,https://schema.org/SearchAction
3,https://schema.org/Dataset,https://schema.org/publisher,https://schema.org/Organization,https://schema.org/hasOfferCatalog,https://schema.org/DataCatalog,https://schema.org/audience,https://schema.org/Audience
3,https://schema.org/Dataset,https://schema.org/publisher,https://schema.org/Organization,https://schema.org/funder,https://schema.org/Organization,https://schema.org/parentOrganization,https://schema.org/Organization
3,https://schema.org/Dataset,https://schema.org/publisher,https://schema.org/Organization,https://schema.org/funder,https://schema.org/Organization,https://schema.org/identifier,https://schema.org/PropertyValue
3,https://schema.org/Dataset,https://schema.org/publisher,https://schema.org/Organization,https://schema.org/availableChannel,https://schema.org/ServiceChannel,https://schema.org/providesService,https://schema.org/Service
3,https://schema.org/Dataset,https://schema.org/publisher,https://schema.org/Organization,https://schema.org/availableChannel,https://schema.org/ServiceChannel,https://schema.org/providesService,https://schema.org/OfferCatalog
3,https://schema.org/Dataset,https://schema.org/publisher,https://schema.org/Organization,https://schema.org/availableChannel,https://schema.org/ServiceChannel,https://schema.org/providesService,https://schema.org/DataCatalog
3,https://schema.org/Dataset,https://schema.org/provider,https://schema.org/Service,https://schema.org/parentOrganization,https://schema.org/Organization,https://schema.org/address,https://schema.org/PostalAddress
3,https://schema.org/Dataset,https://schema.org/provider,https://schema.org/Service,https://schema.org/hasOfferCatalog,https://schema.org/Service,https://schema.org/potentialAction,https://schema.org/SearchAction
3,https://schema.org/Dataset,https://schema.org/provider,https://schema.org/Service,https://schema.org/hasOfferCatalog,https://schema.org/Service,https://schema.org/audience,https://schema.org/Audience
3,https://schema.org/Dataset,https://schema.org/provider,https://schema.org/Service,https://schema.org/hasOfferCatalog,https://schema.org/OfferCatalog,https://schema.org/potentialAction,https://schema.org/SearchAction
3,https://schema.org/Dataset,https://schema.org/provider,https://schema.org/Service,https://schema.org/hasOfferCatalog,https://schema.org/OfferCatalog,https://schema.org/audience,https://schema.org/Audience
3,https://schema.org/Dataset,https://schema.org/subjectOf,https://schema.org/DataDownload,https://schema.org/about,https://schema.org/Dataset,https://schema.org/variableMeasured,https://schema.org/PropertyValue
3,https://schema.org/Dataset,https://schema.org/provider,https://schema.org/Service,https://schema.org/hasOfferCatalog,https://schema.org/DataCatalog,https://schema.org/potentialAction,https://schema.org/SearchAction
3,https://schema.org/Dataset,https://schema.org/subjectOf,https://schema.org/DataDownload,https://schema.org/about,https://schema.org/Dataset,https://schema.org/distribution,https://schema.org/DataDownload
3,https://schema.org/Dataset,https://schema.org/subjectOf,https://schema.org/DataDownload,https://schema.org/about,https://schema.org/Dataset,https://schema.org/subjectOf,https://schema.org/DataDownload
3,https://schema.org/Dataset,https://schema.org/subjectOf,https://schema.org/DataDownload,https://schema.org/about,https://schema.org/Dataset,https://schema.org/spatialCoverage,https://schema.org/Place
3,https://schema.org/Dataset,https://schema.org/subjectOf,https://schema.org/DataDownload,https://schema.org/about,https://schema.org/Dataset,https://schema.org/publisher,https://schema.org/Service
3,https://schema.org/Dataset,https://schema.org/subjectOf,https://schema.org/DataDownload,https://schema.org/about,https://schema.org/Dataset,https://schema.org/publisher,https://schema.org/ResearchProject
3,https://schema.org/Dataset,https://schema.org/subjectOf,https://schema.org/DataDownload,https://schema.org/about,https://schema.org/Dataset,https://schema.org/publisher,https://schema.org/Organization
3,https://schema.org/Dataset,https://schema.org/subjectOf,https://schema.org/DataDownload,https://schema.org/about,https://schema.org/Dataset,https://schema.org/provider,https://schema.org/Service
3,https://schema.org/Dataset,https://schema.org/subjectOf,https://schema.org/DataDownload,https://schema.org/about,https://schema.org/Dataset,https://schema.org/provider,https://schema.org/ResearchProject
3,https://schema.org/Dataset,https://schema.org/subjectOf,https://schema.org/DataDownload,https://schema.org/about,https://schema.org/Dataset,https://schema.org/provider,https://schema.org/Organization
3,https://schema.org/Dataset,https://schema.org/subjectOf,https://schema.org/DataDownload,https://schema.org/about,https://schema.org/Dataset,https://schema.org/producer,https://schema.org/ResearchProject
3,https://schema.org/Dataset,https://schema.org/subjectOf,https://schema.org/DataDownload,https://schema.org/about,https://schema.org/Dataset,https://schema.org/includedInDataCatalog,https://schema.org/Service
3,https://schema.org/Dataset,https://schema.org/subjectOf,https://schema.org/DataDownload,https://schema.org/about,https://schema.org/Dataset,https://schema.org/includedInDataCatalog,https://schema.org/OfferCatalog
3,https://schema.org/Dataset,https://schema.org/subjectOf,https://schema.org/DataDownload,https://schema.org/about,https://schema.org/Dataset,https://schema.org/includedInDataCatalog,https://schema.org/DataCatalog
3,https://schema.org/Dataset,https://schema.org/subjectOf,https://schema.org/DataDownload,https://schema.org/about,https://schema.org/Dataset,https://schema.org/identifier,https://schema.org/PropertyValue
3,https://schema.org/Dataset,https://schema.org/subjectOf,https://schema.org/DataDownload,https://schema.org/about,https://schema.org/Dataset,https://schema.org/funding,https://schema.org/MonetaryGrant
3,https://schema.org/Dataset,https://schema.org/publisher,https://schema.org/ResearchProject,https://schema.org/hasOfferCatalog,https://schema.org/Service,https://schema.org/potentialAction,https://schema.org/SearchAction
3,https://schema.org/Dataset,https://schema.org/publisher,https://schema.org/Service,https://schema.org/parentOrganization,https://schema.org/Organization,https://schema.org/address,https://schema.org/PostalAddress
3,https://schema.org/Dataset,https://schema.org/publisher,https://schema.org/Service,https://schema.org/hasOfferCatalog,https://schema.org/Service,https://schema.org/potentialAction,https://schema.org/SearchAction
3,https://schema.org/Dataset,https://schema.org/publisher,https://schema.org/Service,https://schema.org/hasOfferCatalog,https://schema.org/Service,https://schema.org/audience,https://schema.org/Audience
3,https://schema.org/Dataset,https://schema.org/publisher,https://schema.org/Service,https://schema.org/hasOfferCatalog,https://schema.org/OfferCatalog,https://schema.org/potentialAction,https://schema.org/SearchAction
3,https://schema.org/Dataset,https://schema.org/publisher,https://schema.org/Service,https://schema.org/hasOfferCatalog,https://schema.org/OfferCatalog,https://schema.org/audience,https://schema.org/Audience
3,https://schema.org/Dataset,https://schema.org/publisher,https://schema.org/Service,https://schema.org/hasOfferCatalog,https://schema.org/DataCatalog,https://schema.org/potentialAction,https://schema.org/SearchAction
3,https://schema.org/Dataset,https://schema.org/publisher,https://schema.org/Service,https://schema.org/hasOfferCatalog,https://schema.org/DataCatalog,https://schema.org/audience,https://schema.org/Audience
3,https://schema.org/Dataset,https://schema.org/publisher,https://schema.org/Service,https://schema.org/funder,https://schema.org/Organization,https://schema.org/parentOrganization,https://schema.org/Organization
3,https://schema.org/Dataset,https://schema.org/publisher,https://schema.org/Service,https://schema.org/funder,https://schema.org/Organization,https://schema.org/identifier,https://schema.org/PropertyValue
3,https://schema.org/Dataset,https://schema.org/publisher,https://schema.org/Service,https://schema.org/availableChannel,https://schema.org/ServiceChannel,https://schema.org/providesService,https://schema.org/Service
3,https://schema.org/Dataset,https://schema.org/publisher,https://schema.org/Service,https://schema.org/availableChannel,https://schema.org/ServiceChannel,https://schema.org/providesService,https://schema.org/OfferCatalog
3,https://schema.org/Dataset,https://schema.org/publisher,https://schema.org/Service,https://schema.org/availableChannel,https://schema.org/ServiceChannel,https://schema.org/providesService,https://schema.org/DataCatalog
3,https://schema.org/Dataset,https://schema.org/publisher,https://schema.org/ResearchProject,https://schema.org/parentOrganization,https://schema.org/Organization,https://schema.org/address,https://schema.org/PostalAddress
3,https://schema.org/Dataset,https://schema.org/about,https://schema.org/Event,https://schema.org/superEvent,https://schema.org/BoatTrip,https://schema.org/arrivalBoatTerminal,https://schema.org/BoatTerminal
3,https://schema.org/Dataset,https://schema.org/includedInDataCatalog,https://schema.org/Service,https://schema.org/potentialAction,https://schema.org/SearchAction,https://schema.org/query-input,https://schema.org/PropertyValueSpecification
3,https://schema.org/Dataset,https://schema.org/includedInDataCatalog,https://schema.org/OfferCatalog,https://schema.org/potentialAction,https://schema.org/SearchAction,https://schema.org/query-input,https://schema.org/PropertyValueSpecification
3,https://schema.org/Dataset,https://schema.org/includedInDataCatalog,https://schema.org/DataCatalog,https://schema.org/potentialAction,https://schema.org/SearchAction,https://schema.org/query-input,https://schema.org/PropertyValueSpecification
3,https://schema.org/Dataset,https://schema.org/funding,https://schema.org/MonetaryGrant,https://schema.org/funder,https://schema.org/FundingAgency,https://schema.org/identifier,https://schema.org/PropertyValue
3,https://schema.org/Dataset,https://schema.org/about,https://schema.org/Event,https://schema.org/superEvent,https://schema.org/Event,https://schema.org/subEvent,https://schema.org/Event
3,https://schema.org/Dataset,https://schema.org/about,https://schema.org/Event,https://schema.org/superEvent,https://schema.org/Event,https://schema.org/funding,https://schema.org/MonetaryGrant
3,https://schema.org/Dataset,https://schema.org/about,https://schema.org/Event,https://schema.org/superEvent,https://schema.org/Event,https://schema.org/departureBoatTerminal,https://schema.org/BoatTerminal
3,https://schema.org/Dataset,https://schema.org/about,https://schema.org/Event,https://schema.org/superEvent,https://schema.org/Event,https://schema.org/contributor,https://schema.org/Person
3,https://schema.org/Dataset,https://schema.org/about,https://schema.org/Event,https://schema.org/superEvent,https://schema.org/Event,https://schema.org/arrivalBoatTerminal,https://schema.org/BoatTerminal
3,https://schema.org/Dataset,https://schema.org/about,https://schema.org/Event,https://schema.org/superEvent,https://schema.org/Event,http://www.opengis.net/ont/geosparql#hasGeometry,http://www.opengis.net/ont/sf#LineString
3,https://schema.org/Dataset,https://schema.org/about,https://schema.org/Event,https://schema.org/superEvent,https://schema.org/BoatTrip,https://schema.org/subEvent,https://schema.org/Event
3,https://schema.org/Dataset,https://schema.org/about,https://schema.org/Event,https://schema.org/superEvent,https://schema.org/BoatTrip,https://schema.org/funding,https://schema.org/MonetaryGrant
3,https://schema.org/Dataset,https://schema.org/about,https://schema.org/Event,https://schema.org/superEvent,https://schema.org/BoatTrip,https://schema.org/departureBoatTerminal,https://schema.org/BoatTerminal
3,https://schema.org/Dataset,https://schema.org/about,https://schema.org/Event,https://schema.org/superEvent,https://schema.org/BoatTrip,https://schema.org/contributor,https://schema.org/Person
3,https://schema.org/Dataset,https://schema.org/provider,https://schema.org/Organization,https://schema.org/availableChannel,https://schema.org/ServiceChannel,https://schema.org/providesService,https://schema.org/DataCatalog
3,https://schema.org/Dataset,https://schema.org/about,https://schema.org/Event,https://schema.org/superEvent,https://schema.org/BoatTrip,http://www.opengis.net/ont/geosparql#hasGeometry,http://www.opengis.net/ont/sf#LineString
3,https://schema.org/Dataset,https://schema.org/about,https://schema.org/Event,https://schema.org/subjectOf,https://schema.org/Dataset,https://schema.org/variableMeasured,https://schema.org/PropertyValue
3,https://schema.org/Dataset,https://schema.org/about,https://schema.org/Event,https://schema.org/subjectOf,https://schema.org/Dataset,https://schema.org/spatialCoverage,https://schema.org/Place
3,https://schema.org/Dataset,https://schema.org/about,https://schema.org/Event,https://schema.org/subjectOf,https://schema.org/Dataset,https://schema.org/publisher,https://schema.org/Organization
3,https://schema.org/Dataset,https://schema.org/about,https://schema.org/Event,https://schema.org/subjectOf,https://schema.org/Dataset,https://schema.org/provider,https://schema.org/Organization
3,https://schema.org/Dataset,https://schema.org/about,https://schema.org/Event,https://schema.org/subjectOf,https://schema.org/Dataset,https://schema.org/keywords,https://schema.org/DefinedTerm
3,https://schema.org/Dataset,https://schema.org/about,https://schema.org/Event,https://schema.org/subjectOf,https://schema.org/Dataset,https://schema.org/funding,https://schema.org/Grant
3,https://schema.org/Dataset,https://schema.org/about,https://schema.org/Event,https://schema.org/subjectOf,https://schema.org/Dataset,https://schema.org/distribution,https://schema.org/DataDownload
3,https://schema.org/Dataset,https://schema.org/about,https://schema.org/Event,https://schema.org/subjectOf,https://schema.org/Dataset,https://schema.org/creator,https://schema.org/Role
3,https://schema.org/Dataset,https://schema.org/about,https://schema.org/Event,https://schema.org/subjectOf,https://schema.org/Dataset,https://schema.org/additionalProperty,https://schema.org/PropertyValue
3,https://schema.org/Dataset,https://schema.org/about,https://schema.org/Event,https://schema.org/subjectOf,https://schema.org/Dataset,https://schema.org/about,https://schema.org/Event
3,https://schema.org/Dataset,https://schema.org/about,https://schema.org/Event,https://schema.org/location,https://schema.org/Place,http://www.opengis.net/ont/geosparql#,https://schema.org/GeoShape
3,https://schema.org/Dataset,https://schema.org/about,https://schema.org/Event,https://schema.org/funding,https://schema.org/MonetaryGrant,https://schema.org/funder,https://schema.org/Organization
3,https://schema.org/Dataset,https://schema.org/provider,https://schema.org/ResearchProject,https://schema.org/availableChannel,https://schema.org/ServiceChannel,https://schema.org/providesService,https://schema.org/Service
3,https://schema.org/Dataset,https://schema.org/provider,https://schema.org/Service,https://schema.org/funder,https://schema.org/Organization,https://schema.org/parentOrganization,https://schema.org/Organization
3,https://schema.org/Dataset,https://schema.org/provider,https://schema.org/Service,https://schema.org/funder,https://schema.org/Organization,https://schema.org/identifier,https://schema.org/PropertyValue
3,https://schema.org/Dataset,https://schema.org/provider,https://schema.org/Service,https://schema.org/availableChannel,https://schema.org/ServiceChannel,https://schema.org/providesService,https://schema.org/Service
3,https://schema.org/Dataset,https://schema.org/provider,https://schema.org/Service,https://schema.org/availableChannel,https://schema.org/ServiceChannel,https://schema.org/providesService,https://schema.org/OfferCatalog
3,https://schema.org/Dataset,https://schema.org/provider,https://schema.org/Service,https://schema.org/availableChannel,https://schema.org/ServiceChannel,https://schema.org/providesService,https://schema.org/DataCatalog
3,https://schema.org/Dataset,https://schema.org/provider,https://schema.org/ResearchProject,https://schema.org/parentOrganization,https://schema.org/Organization,https://schema.org/address,https://schema.org/PostalAddress
3,https://schema.org/Dataset,https://schema.org/provider,https://schema.org/ResearchProject,https://schema.org/hasOfferCatalog,https://schema.org/Service,https://schema.org/potentialAction,https://schema.org/SearchAction
3,https://schema.org/Dataset,https://schema.org/provider,https://schema.org/ResearchProject,https://schema.org/hasOfferCatalog,https://schema.org/Service,https://schema.org/audience,https://schema.org/Audience
3,https://schema.org/Dataset,https://schema.org/provider,https://schema.org/ResearchProject,https://schema.org/hasOfferCatalog,https://schema.org/OfferCatalog,https://schema.org/potentialAction,https://schema.org/SearchAction
3,https://schema.org/Dataset,https://schema.org/provider,https://schema.org/ResearchProject,https://schema.org/hasOfferCatalog,https://schema.org/OfferCatalog,https://schema.org/audience,https://schema.org/Audience
3,https://schema.org/Dataset,https://schema.org/provider,https://schema.org/ResearchProject,https://schema.org/hasOfferCatalog,https://schema.org/DataCatalog,https://schema.org/potentialAction,https://schema.org/SearchAction
3,https://schema.org/Dataset,https://schema.org/provider,https://schema.org/ResearchProject,https://schema.org/hasOfferCatalog,https://schema.org/DataCatalog,https://schema.org/audience,https://schema.org/Audience
3,https://schema.org/Dataset,https://schema.org/provider,https://schema.org/ResearchProject,https://schema.org/funder,https://schema.org/Organization,https://schema.org/parentOrganization,https://schema.org/Organization
3,https://schema.org/Dataset,https://schema.org/provider,https://schema.org/ResearchProject,https://schema.org/funder,https://schema.org/Organization,https://schema.org/identifier,https://schema.org/PropertyValue
3,https://schema.org/Dataset,https://schema.org/provider,https://schema.org/Service,https://schema.org/hasOfferCatalog,https://schema.org/DataCatalog,https://schema.org/audience,https://schema.org/Audience
3,https://schema.org/Dataset,https://schema.org/provider,https://schema.org/ResearchProject,https://schema.org/availableChannel,https://schema.org/ServiceChannel,https://schema.org/providesService,https://schema.org/OfferCatalog
3,https://schema.org/Dataset,https://schema.org/provider,https://schema.org/ResearchProject,https://schema.org/availableChannel,https://schema.org/ServiceChannel,https://schema.org/providesService,https://schema.org/DataCatalog
3,https://schema.org/Dataset,https://schema.org/provider,https://schema.org/Organization,https://schema.org/parentOrganization,https://schema.org/Organization,https://schema.org/address,https://schema.org/PostalAddress
3,https://schema.org/Dataset,https://schema.org/provider,https://schema.org/Organization,https://schema.org/hasOfferCatalog,https://schema.org/Service,https://schema.org/potentialAction,https://schema.org/SearchAction
3,https://schema.org/Dataset,https://schema.org/provider,https://schema.org/Organization,https://schema.org/hasOfferCatalog,https://schema.org/Service,https://schema.org/audience,https://schema.org/Audience
3,https://schema.org/Dataset,https://schema.org/provider,https://schema.org/Organization,https://schema.org/hasOfferCatalog,https://schema.org/OfferCatalog,https://schema.org/potentialAction,https://schema.org/SearchAction
3,https://schema.org/Dataset,https://schema.org/provider,https://schema.org/Organization,https://schema.org/hasOfferCatalog,https://schema.org/OfferCatalog,https://schema.org/audience,https://schema.org/Audience
3,https://schema.org/Dataset,https://schema.org/provider,https://schema.org/Organization,https://schema.org/hasOfferCatalog,https://schema.org/DataCatalog,https://schema.org/potentialAction,https://schema.org/SearchAction
3,https://schema.org/Dataset,https://schema.org/provider,https://schema.org/Organization,https://schema.org/hasOfferCatalog,https://schema.org/DataCatalog,https://schema.org/audience,https://schema.org/Audience
3,https://schema.org/Dataset,https://schema.org/provider,https://schema.org/Organization,https://schema.org/funder,https://schema.org/Organization,https://schema.org/parentOrganization,https://schema.org/Organization
3,https://schema.org/Dataset,https://schema.org/provider,https://schema.org/Organization,https://schema.org/funder,https://schema.org/Organization,https://schema.org/identifier,https://schema.org/PropertyValue
3,https://schema.org/Dataset,https://schema.org/provider,https://schema.org/Organization,https://schema.org/availableChannel,https://schema.org/ServiceChannel,https://schema.org/providesService,https://schema.org/Service
3,https://schema.org/Dataset,https://schema.org/provider,https://schema.org/Organization,https://schema.org/availableChannel,https://schema.org/ServiceChannel,https://schema.org/providesService,https://schema.org/OfferCatalog
