Station_ID,Start_Date_UTC,Start_Time_UTC,Start_ISO_DateTime_UTC,Start_Latitude,Start_Longitude,Event_ID,Sample_ID,Station_Depth,Sample_Pressure,DIC_13_12_D_Delta_Bottle,SD1_DIC_13_12_D_Delta_Bottle,Flag_DIC_13_12_D_Delta_Bottle
1,2022-12-04,00:38,2022-12-04T01:15Z,-19.99984,-152.00026,20221203.2248.001,15933,4242,25.4,0.84,0.03,2
1,2022-12-04,00:38,2022-12-04T01:08Z,-19.99984,-152.00026,20221203.2248.001,15935,4242,101.6,0.81,0.03,2
1,2022-12-04,00:38,2022-12-04T01:12Z,-19.99984,-152.00026,20221203.2248.001,15934,4242,62.1,0.80,0.03,2
1,2022-12-04,00:38,2022-12-04T01:05Z,-19.99984,-152.00026,20221203.2248.001,15936,4242,133.8,0.66,0.03,2
1,2022-12-04,00:38,2022-12-04T01:03Z,-19.99984,-152.00026,20221203.2248.001,15937,4242,148.9,0.61,0.03,2
1,2022-12-04,00:38,2022-12-04T01:00Z,-19.99984,-152.00026,20221203.2248.001,15938,4242,203.8,0.37,0.03,2
1,2022-12-04,00:38,2022-12-04T00:57Z,-19.99984,-152.00026,20221203.2248.001,15939,4242,288.8,0.58,0.03,2
1,2022-12-04,00:38,2022-12-04T00:53Z,-19.99984,-152.00026,20221203.2248.001,15940,4242,404.1,0.74,0.03,2
1,2022-12-04,00:38,2022-12-04T00:49Z,-19.99984,-152.00026,20221203.2248.001,15941,4242,504.8,0.84,0.03,2
1,2022-12-04,00:38,2022-12-04T00:45Z,-19.99984,-152.00026,20221203.2248.001,15942,4242,630.3,0.81,0.03,2
1,2022-12-04,00:38,2022-12-04T00:42Z,-19.99984,-152.00026,20221203.2248.001,15943,4242,705.3,0.81,0.03,2
1,2022-12-04,00:38,2022-12-04T00:38Z,-19.99984,-152.00026,20221203.2248.001,15944,4242,806.1,0.76,0.03,2
1,2022-12-05,10:56,2022-12-05T12:29Z,-20.00014,-152.00014,20221205.0612.001,16007,4242,1008.3,0.57,0.03,2
1,2022-12-05,10:56,2022-12-05T12:22Z,-20.00014,-152.00014,20221205.0612.001,16008,4242,1213,0.43,0.03,2
1,2022-12-05,10:56,2022-12-05T12:14Z,-20.00014,-152.00014,20221205.0612.001,16009,4242,1566.3,0.30,0.03,2
1,2022-12-05,10:56,2022-12-05T11:57Z,-20.00014,-152.00014,20221205.0612.001,16011,4242,2225.8,0.23,0.03,2
1,2022-12-05,10:56,2022-12-05T11:52Z,-20.00014,-152.00014,20221205.0612.001,16012,4242,2428.5,0.23,0.03,2
1,2022-12-05,10:56,2022-12-05T11:46Z,-20.00014,-152.00014,20221205.0612.001,16013,4242,2632.8,0.23,0.03,2
1,2022-12-05,10:56,2022-12-05T11:37Z,-20.00014,-152.00014,20221205.0612.001,16014,4242,3039.9,0.25,0.03,2
1,2022-12-05,10:56,2022-12-05T11:27Z,-20.00014,-152.00014,20221205.0612.001,16015,4242,3449.9,0.27,0.03,2
1,2022-12-05,10:56,2022-12-05T11:16Z,-20.00014,-152.00014,20221205.0612.001,16016,4242,3856.9,0.28,0.03,2
1,2022-12-05,10:56,2022-12-05T11:05Z,-20.00014,-152.00014,20221205.0612.001,16017,4242,4262.5,0.32,0.03,2
1,2022-12-05,10:56,2022-12-05T10:56Z,-20.00014,-152.00014,20221205.0612.001,16018,4242,4280.7,0.33,0.03,2
2,2022-12-06,05:09,2022-12-06T05:52Z,-22.4998,-151.62962,20221206.0405.001,16023,4291,5.5,0.78,0.03,2
2,2022-12-06,05:09,2022-12-06T05:49Z,-22.4998,-151.62962,20221206.0405.001,16024,4291,25.8,0.85,0.03,2
2,2022-12-06,05:09,2022-12-06T05:47Z,-22.4998,-151.62962,20221206.0405.001,16025,4291,35.9,0.84,0.03,2
2,2022-12-06,05:09,2022-12-06T05:43Z,-22.4998,-151.62962,20221206.0405.001,16026,4291,76.6,0.72,0.03,2
2,2022-12-06,05:09,2022-12-06T05:40Z,-22.4998,-151.62962,20221206.0405.001,16027,4291,111.1,0.64,0.03,2
2,2022-12-06,05:09,2022-12-06T05:38Z,-22.4998,-151.62962,20221206.0405.001,16028,4291,136.6,0.58,0.03,2
2,2022-12-06,05:09,2022-12-06T05:35Z,-22.4998,-151.62962,20221206.0405.001,16029,4291,192.1,0.47,0.03,2
2,2022-12-06,05:09,2022-12-06T05:32Z,-22.4998,-151.62962,20221206.0405.001,16030,4291,254,0.53,0.03,2
2,2022-12-06,05:09,2022-12-06T05:28Z,-22.4998,-151.62962,20221206.0405.001,16031,4291,354.4,0.70,0.03,2
2,2022-12-06,05:09,2022-12-06T05:24Z,-22.4998,-151.62962,20221206.0405.001,16032,4291,480.1,0.90,0.03,2
2,2022-12-06,05:09,2022-12-06T05:24Z,-22.4998,-151.62962,20221206.0405.001,16032,4291,480.1,0.90,0.03,6
2,2022-12-06,05:09,2022-12-06T05:20Z,-22.4998,-151.62962,20221206.0405.001,16033,4291,605.3,0.97,0.03,2
2,2022-12-06,05:09,2022-12-06T05:15Z,-22.4998,-151.62962,20221206.0405.001,16034,4291,807,0.89,0.03,2
2,2022-12-06,05:09,2022-12-06T05:09Z,-22.4998,-151.62962,20221206.0405.001,16035,4291,1011.2,0.63,0.03,2
3,2022-12-07,04:16,2022-12-07T04:59Z,-24.99958,-151.25001,20221207.0419.001,16131,4659,5.9,0.66,0.03,2
3,2022-12-06,20:22,2022-12-06T20:58Z,-24.99956,-151.24998,20221206.1840.001,16115,4659,24.9,0.71,0.03,2
3,2022-12-06,20:22,2022-12-06T20:55Z,-24.99956,-151.24998,20221206.1840.001,16116,4659,62.3,0.67,0.03,2
3,2022-12-06,20:22,2022-12-06T20:52Z,-24.99956,-151.24998,20221206.1840.001,16117,4659,93.6,0.65,0.03,2
3,2022-12-06,20:22,2022-12-06T20:49Z,-24.99956,-151.24998,20221206.1840.001,16118,4659,133.8,0.54,0.03,2
3,2022-12-06,20:22,2022-12-06T20:47Z,-24.99956,-151.24998,20221206.1840.001,16119,4659,171.3,0.55,0.03,2
3,2022-12-06,20:22,2022-12-06T20:44Z,-24.99956,-151.24998,20221206.1840.001,16120,4659,201.7,0.39,0.03,2
3,2022-12-06,20:22,2022-12-06T20:41Z,-24.99956,-151.24998,20221206.1840.001,16121,4659,237.2,0.53,0.03,2
3,2022-12-06,20:22,2022-12-06T20:38Z,-24.99956,-151.24998,20221206.1840.001,16122,4659,302.9,0.59,0.03,2
3,2022-12-06,20:22,2022-12-06T20:34Z,-24.99956,-151.24998,20221206.1840.001,16123,4659,404,0.85,0.03,2
3,2022-12-06,20:22,2022-12-06T20:31Z,-24.99956,-151.24998,20221206.1840.001,16124,4659,503.6,0.95,0.03,2
3,2022-12-06,20:22,2022-12-06T20:27Z,-24.99956,-151.24998,20221206.1840.001,16125,4659,605.5,1.04,0.03,2
3,2022-12-06,20:22,2022-12-06T20:22Z,-24.99956,-151.24998,20221206.1840.001,16126,4659,755.5,1.02,0.03,2
3,2022-12-07,12:10,2022-12-07T13:21Z,-25.00014,-151.2497,20221207.0628.001,16169,4659,756.4,1.06,0.03,2
3,2022-12-07,12:10,2022-12-07T13:15Z,-25.00014,-151.2497,20221207.0628.001,16170,4659,908.9,0.87,0.03,2
3,2022-12-07,12:10,2022-12-07T13:09Z,-25.00014,-151.2497,20221207.0628.001,16171,4659,1109.7,0.65,0.03,2
3,2022-12-07,12:10,2022-12-07T13:09Z,-25.00014,-151.2497,20221207.0628.001,16171,4659,1109.7,0.65,0.03,6
3,2022-12-07,12:10,2022-12-07T13:01Z,-25.00014,-151.2497,20221207.0628.001,16172,4659,1313.5,0.48,0.03,2
3,2022-12-07,12:10,2022-12-07T12:53Z,-25.00014,-151.2497,20221207.0628.001,16173,4659,1515.9,0.39,0.03,2
3,2022-12-07,12:10,2022-12-07T12:46Z,-25.00014,-151.2497,20221207.0628.001,16174,4659,1718.6,0.17,0.03,2
3,2022-12-07,12:10,2022-12-07T12:40Z,-25.00014,-151.2497,20221207.0628.001,16175,4659,1921,0.22,0.03,2
3,2022-12-07,12:10,2022-12-07T12:33Z,-25.00014,-151.2497,20221207.0628.001,16176,4659,2074.6,0.23,0.03,2
3,2022-12-07,12:10,2022-12-07T12:33Z,-25.00014,-151.2497,20221207.0628.001,16176,4659,2074.6,0.23,0.03,6
3,2022-12-07,12:10,2022-12-07T12:29Z,-25.00014,-151.2497,20221207.0628.001,16177,4659,2200.7,0.20,0.03,2
3,2022-12-07,12:10,2022-12-07T12:29Z,-25.00014,-151.2497,20221207.0628.001,16177,4659,2200.7,0.20,0.03,6
3,2022-12-07,12:10,2022-12-07T12:22Z,-25.00014,-151.2497,20221207.0628.001,16178,4659,2429.3,0.15,0.03,2
3,2022-12-07,12:10,2022-12-07T12:16Z,-25.00014,-151.2497,20221207.0628.001,16179,4659,2633.6,0.18,0.03,2
3,2022-12-08,14:49,2022-12-08T15:57Z,-25.00018,-151.24956,20221208.0537.001,16235,4659,2836.9,0.23,0.03,2
3,2022-12-07,12:10,2022-12-07T12:10Z,-25.00014,-151.2497,20221207.0628.001,16180,4659,2837.5,0.09,0.03,2
3,2022-12-08,14:49,2022-12-08T15:51Z,-25.00018,-151.24956,20221208.0537.001,16236,4659,3042.1,0.21,0.03,2
3,2022-12-08,14:49,2022-12-08T15:43Z,-25.00018,-151.24956,20221208.0537.001,16237,4659,3348.1,0.24,0.03,2
3,2022-12-08,14:49,2022-12-08T15:36Z,-25.00018,-151.24956,20221208.0537.001,16238,4659,3655,0.30,0.03,2
3,2022-12-08,14:49,2022-12-08T15:36Z,-25.00018,-151.24956,20221208.0537.001,16238,4659,3655,0.29,0.03,6
3,2022-12-08,14:49,2022-12-08T15:28Z,-25.00018,-151.24956,20221208.0537.001,16239,4659,3960.5,0.33,0.03,2
3,2022-12-08,14:49,2022-12-08T15:21Z,-25.00018,-151.24956,20221208.0537.001,16240,4659,4270.3,0.35,0.03,2
3,2022-12-08,14:49,2022-12-08T15:15Z,-25.00018,-151.24956,20221208.0537.001,16241,4659,4475,-0.02,0.03,3
3,2022-12-08,14:49,2022-12-08T15:10Z,-25.00018,-151.24956,20221208.0537.001,16242,4659,4609,0.37,0.03,2
3,2022-12-08,14:49,2022-12-08T15:06Z,-25.00018,-151.24956,20221208.0537.001,16243,4659,4634.3,0.35,0.03,2
3,2022-12-08,14:49,2022-12-08T15:01Z,-25.00018,-151.24956,20221208.0537.001,16244,4659,4660.2,0.36,0.03,2
3,2022-12-08,14:49,2022-12-08T14:58Z,-25.00018,-151.24956,20221208.0537.001,16245,4659,4692.4,0.37,0.03,2
3,2022-12-08,14:49,2022-12-08T14:58Z,-25.00018,-151.24956,20221208.0537.001,16245,4659,4692.4,0.36,0.03,2
3,2022-12-08,14:49,2022-12-08T14:49Z,-25.00018,-151.24956,20221208.0537.001,16246,4659,4723.4,0.02,0.03,2
4,2022-12-09,20:46,2022-12-09T21:33Z,-27.49958,-150.85116,20221209.1853.001,16278,4602,5.7,0.53,0.03,2
4,2022-12-09,20:46,2022-12-09T21:31Z,-27.49958,-150.85116,20221209.1853.001,16279,4602,25.7,0.63,0.03,2
4,2022-12-09,20:46,2022-12-09T21:28Z,-27.49958,-150.85116,20221209.1853.001,16280,4602,52.6,0.63,0.03,2
4,2022-12-09,20:46,2022-12-09T21:28Z,-27.49958,-150.85116,20221209.1853.001,16280,4602,52.6,0.63,0.03,6
4,2022-12-09,20:46,2022-12-09T21:25Z,-27.49958,-150.85116,20221209.1853.001,16281,4602,101.9,0.48,0.03,2
4,2022-12-09,20:46,2022-12-09T21:22Z,-27.49958,-150.85116,20221209.1853.001,16282,4602,152.8,0.56,0.03,2
4,2022-12-09,20:46,2022-12-09T21:20Z,-27.49958,-150.85116,20221209.1853.001,16283,4602,177.2,0.53,0.03,2
4,2022-12-09,20:46,2022-12-09T21:17Z,-27.49958,-150.85116,20221209.1853.001,16284,4602,202.6,0.51,0.03,2
4,2022-12-09,20:46,2022-12-09T21:17Z,-27.49958,-150.85116,20221209.1853.001,16284,4602,202.6,0.52,0.03,6
4,2022-12-09,20:46,2022-12-09T21:14Z,-27.49958,-150.85116,20221209.1853.001,16285,4602,253,0.54,0.03,2
4,2022-12-09,20:46,2022-12-09T21:08Z,-27.49958,-150.85116,20221209.1853.001,16286,4602,302.6,0.56,0.03,2
4,2022-12-09,20:46,2022-12-09T21:03Z,-27.49958,-150.85116,20221209.1853.001,16287,4602,454.2,0.88,0.03,2
4,2022-12-09,20:46,2022-12-09T21:03Z,-27.49958,-150.85116,20221209.1853.001,16287,4602,454.2,0.86,0.03,6
4,2022-12-09,20:46,2022-12-09T20:57Z,-27.49958,-150.85116,20221209.1853.001,16288,4602,679.2,1.04,0.03,2
4,2022-12-09,20:46,2022-12-09T20:52Z,-27.49958,-150.85116,20221209.1853.001,16289,4602,858.6,1.00,0.03,2
4,2022-12-09,20:46,2022-12-09T20:46Z,-27.49958,-150.85116,20221209.1853.001,16290,4602,1009.5,0.87,0.03,2
5,2022-12-10,15:32,2022-12-10T16:20Z,-30.00026,-150.4307,20221210.1308.001,16318,4532,6.9,0.61,0.03,2
5,2022-12-10,15:32,2022-12-10T16:18Z,-30.00026,-150.4307,20221210.1308.001,16319,4532,27.3,0.62,0.03,2
5,2022-12-10,15:32,2022-12-10T16:15Z,-30.00026,-150.4307,20221210.1308.001,16320,4532,50.4,0.61,0.03,2
5,2022-12-10,15:32,2022-12-10T16:11Z,-30.00026,-150.4307,20221210.1308.001,16321,4532,105.1,0.61,0.03,2
5,2022-12-10,15:32,2022-12-10T16:08Z,-30.00026,-150.4307,20221210.1308.001,16322,4532,135.1,0.59,0.03,2
5,2022-12-10,15:32,2022-12-10T16:04Z,-30.00026,-150.4307,20221210.1308.001,16323,4532,180.4,0.53,0.03,2
5,2022-12-10,15:32,2022-12-10T16:02Z,-30.00026,-150.4307,20221210.1308.001,16324,4532,202.9,0.55,0.03,2
5,2022-12-10,15:32,2022-12-10T15:59Z,-30.00026,-150.4307,20221210.1308.001,16325,4532,254.9,0.64,0.03,2
5,2022-12-10,15:32,2022-12-10T15:55Z,-30.00026,-150.4307,20221210.1308.001,16326,4532,302.4,0.69,0.03,2
5,2022-12-10,15:32,2022-12-10T15:50Z,-30.00026,-150.4307,20221210.1308.001,16327,4532,454.6,0.95,0.03,2
5,2022-12-10,15:32,2022-12-10T15:44Z,-30.00026,-150.4307,20221210.1308.001,16328,4532,680.7,1.07,0.03,2
5,2022-12-10,15:32,2022-12-10T15:37Z,-30.00026,-150.4307,20221210.1308.001,16329,4532,855.3,1.07,0.03,2
5,2022-12-10,15:32,2022-12-10T15:32Z,-30.00026,-150.4307,20221210.1308.001,16330,4532,1009.4,0.94,0.03,2
6,2022-12-11,19:55,2022-12-11T20:42Z,-32.49989,-150.00124,20221211.1900.001,16392,5129,6,0.61,0.03,2
6,2022-12-11,11:51,2022-12-11T12:36Z,-32.5,-150.00126,20221211.0911.001,16379,5129,27.1,0.60,0.03,2
6,2022-12-11,11:51,2022-12-11T12:34Z,-32.5,-150.00126,20221211.0911.001,16380,5129,46,0.60,0.03,2
6,2022-12-11,11:51,2022-12-11T12:31Z,-32.5,-150.00126,20221211.0911.001,16381,5129,80.7,0.67,0.03,2
6,2022-12-11,11:51,2022-12-11T12:28Z,-32.5,-150.00126,20221211.0911.001,16382,5129,99.7,0.67,0.03,2
6,2022-12-11,11:51,2022-12-11T12:26Z,-32.5,-150.00126,20221211.0911.001,16383,5129,132.7,0.64,0.03,2
6,2022-12-11,11:51,2022-12-11T12:23Z,-32.5,-150.00126,20221211.0911.001,16384,5129,176,0.65,0.03,2
6,2022-12-11,11:51,2022-12-11T12:23Z,-32.5,-150.00126,20221211.0911.001,16384,5129,176,0.65,0.03,6
6,2022-12-11,11:51,2022-12-11T12:20Z,-32.5,-150.00126,20221211.0911.001,16385,5129,252.7,0.73,0.03,2
6,2022-12-11,11:51,2022-12-11T12:17Z,-32.5,-150.00126,20221211.0911.001,16386,5129,323,0.38,0.03,2
6,2022-12-11,11:51,2022-12-11T12:12Z,-32.5,-150.00126,20221211.0911.001,16387,5129,454.7,0.95,0.03,2
6,2022-12-11,11:51,2022-12-11T12:06Z,-32.5,-150.00126,20221211.0911.001,16388,5129,651.1,1.05,0.03,2
6,2022-12-11,11:51,2022-12-11T11:58Z,-32.5,-150.00126,20221211.0911.001,16389,5129,960.6,1.02,0.03,2
6,2022-12-11,11:51,2022-12-11T11:51Z,-32.5,-150.00126,20221211.0911.001,16390,5129,1260.9,0.71,0.03,2
6,2022-12-12,12:36,2022-12-12T14:20Z,-32.49984,-150.0003,20221212.1017.001,16436,5129,1517.6,0.45,0.03,2
6,2022-12-12,12:36,2022-12-12T14:14Z,-32.49984,-150.0003,20221212.1017.001,16437,5129,1770.5,0.35,0.03,2
6,2022-12-12,12:36,2022-12-12T14:07Z,-32.49984,-150.0003,20221212.1017.001,16438,5129,2026.4,0.26,0.03,2
6,2022-12-12,12:36,2022-12-12T13:57Z,-32.49984,-150.0003,20221212.1017.001,16439,5129,2534.7,0.19,0.03,2
6,2022-12-12,12:36,2022-12-12T13:50Z,-32.49984,-150.0003,20221212.1017.001,16440,5129,2791.2,0.18,0.03,2
6,2022-12-12,12:36,2022-12-12T13:43Z,-32.49984,-150.0003,20221212.1017.001,16441,5129,3045.4,0.18,0.03,2
6,2022-12-12,12:36,2022-12-12T13:32Z,-32.49984,-150.0003,20221212.1017.001,16442,5129,3557.1,0.28,0.03,2
6,2022-12-12,12:36,2022-12-12T13:18Z,-32.49984,-150.0003,20221212.1017.001,16443,5129,4067.6,0.36,0.03,2
6,2022-12-12,12:36,2022-12-12T13:04Z,-32.49984,-150.0003,20221212.1017.001,16444,5129,4580.1,0.39,0.03,2
6,2022-12-12,12:36,2022-12-12T12:46Z,-32.49984,-150.0003,20221212.1017.001,16445,5129,5080,0.14,0.03,2
6,2022-12-12,12:36,2022-12-12T12:41Z,-32.49984,-150.0003,20221212.1017.001,16446,5129,5146.1,0.41,0.03,2
6,2022-12-12,12:36,2022-12-12T12:41Z,-32.49984,-150.0003,20221212.1017.001,16446,5129,5146.1,0.39,0.03,6
6,2022-12-12,12:36,2022-12-12T12:36Z,-32.49984,-150.0003,20221212.1017.001,16447,5129,5206.8,0.41,0.03,2
7,2022-12-13,08:42,2022-12-13T09:34Z,-34.99976,-149.65954,20221213.0511.001,16472,5138,7.1,0.79,0.03,2
7,2022-12-13,08:42,2022-12-13T09:34Z,-34.99976,-149.65954,20221213.0511.001,16472,5138,7.1,0.77,0.03,6
7,2022-12-13,08:42,2022-12-13T09:32Z,-34.99976,-149.65954,20221213.0511.001,16473,5138,25.1,0.80,0.03,2
7,2022-12-13,08:42,2022-12-13T09:29Z,-34.99976,-149.65954,20221213.0511.001,16474,5138,40.9,0.79,0.03,2
7,2022-12-13,08:42,2022-12-13T09:26Z,-34.99976,-149.65954,20221213.0511.001,16475,5138,87,0.87,0.03,2
7,2022-12-13,08:42,2022-12-13T09:23Z,-34.99976,-149.65954,20221213.0511.001,16476,5138,122.5,0.85,0.03,2
7,2022-12-13,08:42,2022-12-13T09:19Z,-34.99976,-149.65954,20221213.0511.001,16477,5138,177,0.78,0.03,2
7,2022-12-13,08:42,2022-12-13T09:19Z,-34.99976,-149.65954,20221213.0511.001,16477,5138,177,0.77,0.03,6
7,2022-12-13,08:42,2022-12-13T09:16Z,-34.99976,-149.65954,20221213.0511.001,16478,5138,203.3,0.80,0.03,2
7,2022-12-13,08:42,2022-12-13T09:11Z,-34.99976,-149.65954,20221213.0511.001,16479,5138,303.4,0.90,0.03,2
7,2022-12-13,08:42,2022-12-13T09:06Z,-34.99976,-149.65954,20221213.0511.001,16480,5138,404.8,0.97,0.03,2
7,2022-12-13,08:42,2022-12-13T09:06Z,-34.99976,-149.65954,20221213.0511.001,16480,5138,404.8,0.97,0.03,6
7,2022-12-13,08:42,2022-12-13T09:00Z,-34.99976,-149.65954,20221213.0511.001,16481,5138,505.8,1.02,0.03,2
7,2022-12-13,08:42,2022-12-13T08:54Z,-34.99976,-149.65954,20221213.0511.001,16482,5138,682.1,1.07,0.03,2
7,2022-12-13,08:42,2022-12-13T08:47Z,-34.99976,-149.65954,20221213.0511.001,16483,5138,892.6,1.01,0.03,2
7,2022-12-13,08:42,2022-12-13T08:42Z,-34.99976,-149.65954,20221213.0511.001,16484,5138,1012,0.90,0.03,2
8,2022-12-14,10:03,2022-12-14T10:50Z,-37.50008,-149.28026,20221214.0741.001,16583,5635,5.5,0.94,0.03,2
8,2022-12-14,01:33,2022-12-14T02:25Z,-37.50006,-149.28026,20221213.2245.001,16566,5635,24.9,1.03,0.03,2
8,2022-12-14,01:33,2022-12-14T02:22Z,-37.50006,-149.28026,20221213.2245.001,16567,5635,50.4,0.88,0.03,2
8,2022-12-14,01:33,2022-12-14T02:18Z,-37.50006,-149.28026,20221213.2245.001,16568,5635,85.8,0.98,0.03,2
8,2022-12-14,01:33,2022-12-14T02:18Z,-37.50006,-149.28026,20221213.2245.001,16568,5635,85.8,0.96,0.03,6
8,2022-12-14,01:33,2022-12-14T02:15Z,-37.50006,-149.28026,20221213.2245.001,16569,5635,125.8,1.00,0.03,2
8,2022-12-14,01:33,2022-12-14T02:12Z,-37.50006,-149.28026,20221213.2245.001,16570,5635,176.7,0.86,0.03,2
8,2022-12-14,01:33,2022-12-14T02:09Z,-37.50006,-149.28026,20221213.2245.001,16571,5635,228.1,0.86,0.03,2
8,2022-12-14,01:33,2022-12-14T02:04Z,-37.50006,-149.28026,20221213.2245.001,16572,5635,328.5,0.90,0.03,2
8,2022-12-14,01:33,2022-12-14T02:00Z,-37.50006,-149.28026,20221213.2245.001,16573,5635,455.4,0.82,0.03,2
8,2022-12-14,01:33,2022-12-14T02:00Z,-37.50006,-149.28026,20221213.2245.001,16573,5635,455.4,0.83,0.03,6
8,2022-12-14,01:33,2022-12-14T01:53Z,-37.50006,-149.28026,20221213.2245.001,16574,5635,757.4,1.04,0.03,2
8,2022-12-14,01:33,2022-12-14T01:48Z,-37.50006,-149.28026,20221213.2245.001,16575,5635,960.1,0.94,0.03,2
8,2022-12-14,01:33,2022-12-14T01:41Z,-37.50006,-149.28026,20221213.2245.001,16576,5635,1213.8,0.67,0.03,2
8,2022-12-14,01:33,2022-12-14T01:33Z,-37.50006,-149.28026,20221213.2245.001,16577,5635,1518.6,0.52,0.03,2
8,2022-12-14,01:33,2022-12-14T01:33Z,-37.50006,-149.28026,20221213.2245.001,16577,5635,1518.6,0.51,0.03,6
8,2022-12-15,12:45,2022-12-15T14:30Z,-37.50024,-149.2803,20221215.0603.001,16627,5635,1771,0.34,0.03,2
8,2022-12-15,12:45,2022-12-15T14:23Z,-37.50024,-149.2803,20221215.0603.001,16628,5635,2026.7,0.26,0.03,2
8,2022-12-15,12:45,2022-12-15T14:16Z,-37.50024,-149.2803,20221215.0603.001,16629,5635,2329.8,0.12,0.03,2
8,2022-12-15,12:45,2022-12-15T14:09Z,-37.50024,-149.2803,20221215.0603.001,16630,5635,2636.6,0.21,0.03,2
8,2022-12-15,12:45,2022-12-15T14:09Z,-37.50024,-149.2803,20221215.0603.001,16630,5635,2636.6,0.20,0.03,6
8,2022-12-15,12:45,2022-12-15T14:00Z,-37.50024,-149.2803,20221215.0603.001,16631,5635,3046.3,0.11,0.03,2
8,2022-12-15,12:45,2022-12-15T13:48Z,-37.50024,-149.2803,20221215.0603.001,16632,5635,3557.9,0.31,0.03,2
8,2022-12-15,12:45,2022-12-15T13:37Z,-37.50024,-149.2803,20221215.0603.001,16633,5635,4067.9,0.32,0.03,2
8,2022-12-15,12:45,2022-12-15T13:27Z,-37.50024,-149.2803,20221215.0603.001,16634,5635,4581.6,0.43,0.03,2
8,2022-12-15,12:45,2022-12-15T13:27Z,-37.50024,-149.2803,20221215.0603.001,16634,5635,4581.6,0.42,0.03,6
8,2022-12-15,12:45,2022-12-15T13:16Z,-37.50024,-149.2803,20221215.0603.001,16635,5635,5097.3,0.42,0.03,2
8,2022-12-15,12:45,2022-12-15T13:02Z,-37.50024,-149.2803,20221215.0603.001,16636,5635,5609.3,0.40,0.03,2
8,2022-12-15,12:45,2022-12-15T12:57Z,-37.50024,-149.2803,20221215.0603.001,16637,5635,5689.3,0.31,0.03,2
8,2022-12-15,12:45,2022-12-15T12:45Z,-37.50024,-149.2803,20221215.0603.001,16638,5635,5737.2,0.36,0.03,2
9,2022-12-16,06:48,2022-12-16T07:34Z,-40.0004,-148.891,20221216.0420.001,16666,5575,5.2,1.40,0.03,3
9,2022-12-16,06:48,2022-12-16T07:31Z,-40.0004,-148.891,20221216.0420.001,16667,5575,26.5,1.34,0.03,3
9,2022-12-16,06:48,2022-12-16T07:29Z,-40.0004,-148.891,20221216.0420.001,16668,5575,39.4,1.39,0.03,3
9,2022-12-16,06:48,2022-12-16T07:26Z,-40.0004,-148.891,20221216.0420.001,16669,5575,71.8,1.27,0.03,3
9,2022-12-16,06:48,2022-12-16T07:22Z,-40.0004,-148.891,20221216.0420.001,16670,5575,101.3,0.78,0.03,3
9,2022-12-16,06:48,2022-12-16T07:22Z,-40.0004,-148.891,20221216.0420.001,16670,5575,101.3,0.78,0.03,6
9,2022-12-16,06:48,2022-12-16T07:19Z,-40.0004,-148.891,20221216.0420.001,16671,5575,151.6,1.03,0.03,2
9,2022-12-16,06:48,2022-12-16T07:15Z,-40.0004,-148.891,20221216.0420.001,16672,5575,228.6,0.92,0.03,2
9,2022-12-16,06:48,2022-12-16T07:12Z,-40.0004,-148.891,20221216.0420.001,16673,5575,304,0.92,0.03,2
9,2022-12-16,06:48,2022-12-16T07:07Z,-40.0004,-148.891,20221216.0420.001,16674,5575,404.2,0.91,0.03,2
9,2022-12-16,06:48,2022-12-16T07:07Z,-40.0004,-148.891,20221216.0420.001,16674,5575,404.2,0.93,0.03,6
9,2022-12-16,06:48,2022-12-16T07:07Z,-40.0004,-148.891,20221216.0420.001,16675,5575,404.5,0.89,0.03,2
9,2022-12-16,06:48,2022-12-16T07:03Z,-40.0004,-148.891,20221216.0420.001,16676,5575,505.4,0.97,0.03,2
9,2022-12-16,06:48,2022-12-16T06:53Z,-40.0004,-148.891,20221216.0420.001,16677,5575,910.4,0.94,0.03,2
9,2022-12-16,06:48,2022-12-16T06:48Z,-40.0004,-148.891,20221216.0420.001,16678,5575,1113.1,0.41,0.03,3
9,2022-12-16,06:48,2022-12-16T06:48Z,-40.0004,-148.891,20221216.0420.001,16678,5575,1113.1,0.40,0.03,6
10,2022-12-17,10:04,2022-12-17T11:00Z,-42.49792,-148.47064,20221217.0507.001,16742,5356,5.8,1.08,0.03,2
10,2022-12-16,23:10,2022-12-17T00:00Z,-42.50022,-148.47062,20221216.2141.001,16730,5356,45.9,1.34,0.03,2
10,2022-12-16,23:10,2022-12-17T00:00Z,-42.50022,-148.47062,20221216.2141.001,16730,5356,45.9,1.35,0.03,6
10,2022-12-16,23:10,2022-12-16T23:57Z,-42.50022,-148.47062,20221216.2141.001,16731,5356,81.4,1.05,0.03,2
10,2022-12-16,23:10,2022-12-16T23:54Z,-42.50022,-148.47062,20221216.2141.001,16732,5356,106.5,1.21,0.03,2
10,2022-12-16,23:10,2022-12-16T23:52Z,-42.50022,-148.47062,20221216.2141.001,16733,5356,131.5,1.17,0.03,2
10,2022-12-16,23:10,2022-12-16T23:49Z,-42.50022,-148.47062,20221216.2141.001,16734,5356,163.6,1.12,0.03,2
10,2022-12-16,23:10,2022-12-16T23:49Z,-42.50022,-148.47062,20221216.2141.001,16734,5356,163.6,1.01,0.03,6
10,2022-12-16,23:10,2022-12-16T23:44Z,-42.50022,-148.47062,20221216.2141.001,16735,5356,253.7,1.00,0.03,2
10,2022-12-16,23:10,2022-12-16T23:40Z,-42.50022,-148.47062,20221216.2141.001,16736,5356,404.2,0.91,0.03,2
10,2022-12-16,23:10,2022-12-16T23:34Z,-42.50022,-148.47062,20221216.2141.001,16737,5356,606.3,0.93,0.03,2
10,2022-12-16,23:10,2022-12-16T23:27Z,-42.50022,-148.47062,20221216.2141.001,16738,5356,909.7,0.95,0.03,2
10,2022-12-16,23:10,2022-12-16T23:27Z,-42.50022,-148.47062,20221216.2141.001,16738,5356,909.7,0.93,0.03,6
10,2022-12-16,23:10,2022-12-16T23:20Z,-42.50022,-148.47062,20221216.2141.001,16739,5356,1213.5,0.73,0.03,2
10,2022-12-16,23:10,2022-12-16T23:10Z,-42.50022,-148.47062,20221216.2141.001,16740,5356,1619.8,0.47,0.03,3
10,2022-12-17,23:33,2022-12-18T01:04Z,-42.4989,-148.47194,20221217.1907.001,16786,5356,2026.3,0.31,0.03,2
10,2022-12-17,23:33,2022-12-18T00:55Z,-42.4989,-148.47194,20221217.1907.001,16787,5356,2432.8,0.24,0.03,2
10,2022-12-17,23:33,2022-12-18T00:46Z,-42.4989,-148.47194,20221217.1907.001,16788,5356,2841.9,0.23,0.03,2
10,2022-12-17,23:33,2022-12-18T00:46Z,-42.4989,-148.47194,20221217.1907.001,16788,5356,2841.9,0.22,0.03,6
10,2022-12-17,23:33,2022-12-18T00:37Z,-42.4989,-148.47194,20221217.1907.001,16789,5356,3248.8,0.31,0.03,2
10,2022-12-17,23:33,2022-12-18T00:24Z,-42.4989,-148.47194,20221217.1907.001,16790,5356,3661.9,0.37,0.03,2
10,2022-12-17,23:33,2022-12-18T00:15Z,-42.4989,-148.47194,20221217.1907.001,16791,5356,4071.1,0.31,0.03,2
10,2022-12-17,23:33,2022-12-18T00:04Z,-42.4989,-148.47194,20221217.1907.001,16792,5356,4584.6,0.37,0.03,2
10,2022-12-17,23:33,2022-12-18T00:04Z,-42.4989,-148.47194,20221217.1907.001,16792,5356,4584.6,0.37,0.03,6
10,2022-12-17,23:33,2022-12-17T23:53Z,-42.4989,-148.47194,20221217.1907.001,16793,5356,5100.4,0.40,0.03,2
10,2022-12-17,23:33,2022-12-17T23:48Z,-42.4989,-148.47194,20221217.1907.001,16794,5356,5304.8,0.41,0.03,2
10,2022-12-17,23:33,2022-12-17T23:44Z,-42.4989,-148.47194,20221217.1907.001,16795,5356,5382.5,0.43,0.03,2
10,2022-12-17,23:33,2022-12-17T23:40Z,-42.4989,-148.47194,20221217.1907.001,16796,5356,5423.6,0.41,0.03,2
10,2022-12-17,23:33,2022-12-17T23:33Z,-42.4989,-148.47194,20221217.1907.001,16797,5356,5450.3,0.42,0.03,2
11,2022-12-18,17:52,2022-12-18T18:34Z,-44.99936,-148.00846,20221218.1550.001,16825,5130,5.9,1.27,0.03,2
11,2022-12-18,17:52,2022-12-18T18:28Z,-44.99936,-148.00846,20221218.1550.001,16827,5130,40.9,1.30,0.03,2
11,2022-12-18,17:52,2022-12-18T18:14Z,-44.99936,-148.00846,20221218.1550.001,16832,5130,304.3,0.96,0.03,2
11,2022-12-18,17:52,2022-12-18T18:10Z,-44.99936,-148.00846,20221218.1550.001,16833,5130,455,0.94,0.03,2
11,2022-12-18,17:52,2022-12-18T18:01Z,-44.99936,-148.00846,20221218.1550.001,16835,5130,758.8,0.89,0.03,2
11,2022-12-18,17:52,2022-12-18T17:56Z,-44.99936,-148.00846,20221218.1550.001,16836,5130,910.8,0.79,0.03,2
11,2022-12-18,17:52,2022-12-18T17:52Z,-44.99936,-148.00846,20221218.1550.001,16837,5130,1062.6,0.81,0.03,2
12,2022-12-19,18:31,2022-12-19T19:21Z,-47.49988,-147.51978,20221219.1712.001,16896,5057,4.3,1.40,0.03,2
12,2022-12-19,18:31,2022-12-19T19:21Z,-47.49988,-147.51978,20221219.1712.001,16896,5057,4.3,1.39,0.03,6
12,2022-12-19,10:27,2022-12-19T11:11Z,-47.49998,-147.5199,20221219.0755.001,16884,5057,26.6,1.38,0.03,2
12,2022-12-19,10:27,2022-12-19T11:08Z,-47.49998,-147.5199,20221219.0755.001,16885,5057,52.4,1.18,0.03,2
12,2022-12-19,10:27,2022-12-19T11:06Z,-47.49998,-147.5199,20221219.0755.001,16886,5057,71.1,1.12,0.03,2
12,2022-12-19,10:27,2022-12-19T11:03Z,-47.49998,-147.5199,20221219.0755.001,16887,5057,99.4,1.05,0.03,2
12,2022-12-19,10:27,2022-12-19T11:03Z,-47.49998,-147.5199,20221219.0755.001,16887,5057,99.4,1.08,0.03,6
12,2022-12-19,10:27,2022-12-19T11:01Z,-47.49998,-147.5199,20221219.0755.001,16888,5057,152,1.05,0.03,2
12,2022-12-19,10:27,2022-12-19T10:58Z,-47.49998,-147.5199,20221219.0755.001,16889,5057,202.8,1.03,0.03,2
12,2022-12-19,10:27,2022-12-19T10:54Z,-47.49998,-147.5199,20221219.0755.001,16890,5057,242.6,1.03,0.03,2
12,2022-12-19,10:27,2022-12-19T10:54Z,-47.49998,-147.5199,20221219.0755.001,16890,5057,242.6,1.04,0.03,6
12,2022-12-19,10:27,2022-12-19T10:45Z,-47.49998,-147.5199,20221219.0755.001,16892,5057,506.5,0.98,0.03,2
12,2022-12-19,10:27,2022-12-19T10:39Z,-47.49998,-147.5199,20221219.0755.001,16893,5057,758.1,0.96,0.03,2
12,2022-12-19,10:27,2022-12-19T10:39Z,-47.49998,-147.5199,20221219.0755.001,16894,5057,759.1,0.65,0.03,2
12,2022-12-19,10:27,2022-12-19T10:39Z,-47.49998,-147.5199,20221219.0755.001,16894,5057,759.1,0.65,0.03,6
12,2022-12-19,10:27,2022-12-19T10:27Z,-47.49998,-147.5199,20221219.0755.001,16895,5057,1264.7,0.64,0.03,2
12,2022-12-20,20:52,2022-12-20T22:21Z,-47.50289,-147.5176,20221220.1615.001,16945,5057,1516.6,0.54,0.03,2
12,2022-12-20,20:52,2022-12-20T22:12Z,-47.50289,-147.5176,20221220.1615.001,16946,5057,1823.7,0.44,0.03,2
12,2022-12-20,20:52,2022-12-20T22:12Z,-47.50289,-147.5176,20221220.1615.001,16946,5057,1823.7,0.46,0.03,6
12,2022-12-20,20:52,2022-12-20T22:05Z,-47.50289,-147.5176,20221220.1615.001,16947,5057,2128.2,0.36,0.03,2
12,2022-12-20,20:52,2022-12-20T21:58Z,-47.50289,-147.5176,20221220.1615.001,16948,5057,2434.8,0.28,0.03,2
12,2022-12-20,20:52,2022-12-20T21:49Z,-47.50289,-147.5176,20221220.1615.001,16949,5057,2844.4,0.31,0.03,2
12,2022-12-20,20:52,2022-12-20T21:49Z,-47.50289,-147.5176,20221220.1615.001,16949,5057,2844.4,0.30,0.03,6
12,2022-12-20,20:52,2022-12-20T21:40Z,-47.50289,-147.5176,20221220.1615.001,16950,5057,3252.3,0.36,0.03,2
12,2022-12-20,20:52,2022-12-20T21:31Z,-47.50289,-147.5176,20221220.1615.001,16951,5057,3661.5,0.40,0.03,2
12,2022-12-20,20:52,2022-12-20T21:22Z,-47.50289,-147.5176,20221220.1615.001,16952,5057,4072.5,0.41,0.03,2
12,2022-12-20,20:52,2022-12-20T21:12Z,-47.50289,-147.5176,20221220.1615.001,16953,5057,4585.4,0.32,0.03,2
12,2022-12-20,20:52,2022-12-20T21:12Z,-47.50289,-147.5176,20221220.1615.001,16953,5057,4585.4,0.31,0.03,6
12,2022-12-20,20:52,2022-12-20T21:02Z,-47.50289,-147.5176,20221220.1615.001,16954,5057,5080,0.42,0.03,2
12,2022-12-20,20:52,2022-12-20T20:58Z,-47.50289,-147.5176,20221220.1615.001,16955,5057,5118.5,0.34,0.03,2
12,2022-12-20,20:52,2022-12-20T20:52Z,-47.50289,-147.5176,20221220.1615.001,16956,5057,5145.1,0.37,0.03,2
13,2022-12-21,15:45,2022-12-21T16:26Z,-49.99962,-146.95884,20221221.1257.001,16986,4688,3.9,1.48,0.03,2
13,2022-12-21,15:45,2022-12-21T16:26Z,-49.99962,-146.95884,20221221.1257.001,16986,4688,3.9,1.46,0.03,6
13,2022-12-21,15:45,2022-12-21T16:21Z,-49.99962,-146.95884,20221221.1257.001,16988,4688,50.5,1.38,0.03,2
13,2022-12-21,14:06,2022-12-21T14:17Z,-49.99968,-146.95886,20221221.1238.001,16989,4688,704.4,1.03,0.03,2
13,2022-12-21,15:45,2022-12-21T16:15Z,-49.99962,-146.95884,20221221.1257.001,16990,4688,152,1.03,0.03,2
13,2022-12-21,15:45,2022-12-21T16:12Z,-49.99962,-146.95884,20221221.1257.001,16991,4688,203,0.97,0.03,2
13,2022-12-21,15:45,2022-12-21T16:09Z,-49.99962,-146.95884,20221221.1257.001,16992,4688,253.2,0.85,0.03,2
13,2022-12-21,15:45,2022-12-21T16:06Z,-49.99962,-146.95884,20221221.1257.001,16993,4688,328.9,1.00,0.03,2
13,2022-12-21,15:45,2022-12-21T16:02Z,-49.99962,-146.95884,20221221.1257.001,16994,4688,406.3,0.97,0.03,2
13,2022-12-21,15:45,2022-12-21T16:02Z,-49.99962,-146.95884,20221221.1257.001,16994,4688,406.3,0.99,0.03,6
13,2022-12-21,15:45,2022-12-21T15:58Z,-49.99962,-146.95884,20221221.1257.001,16995,4688,556.7,0.97,0.03,2
13,2022-12-21,15:45,2022-12-21T15:54Z,-49.99962,-146.95884,20221221.1257.001,16996,4688,708.1,0.93,0.03,2
13,2022-12-21,15:45,2022-12-21T15:49Z,-49.99962,-146.95884,20221221.1257.001,16997,4688,857.8,0.87,0.03,2
13,2022-12-21,15:45,2022-12-21T15:45Z,-49.99962,-146.95884,20221221.1257.001,16998,4688,1006.9,0.78,0.03,2
13,2022-12-21,15:45,2022-12-21T15:45Z,-49.99962,-146.95884,20221221.1257.001,16998,4688,1006.9,0.77,0.03,6
14,2022-12-23,03:05,2022-12-23T03:48Z,-52.312,-146.4031,20221223.0043.001,17062,3987,12.7,1.36,0.03,2
14,2022-12-23,03:05,2022-12-23T03:48Z,-52.312,-146.4031,20221223.0043.001,17062,3987,12.7,1.33,0.03,6
14,2022-12-22,15:01,2022-12-22T15:43Z,-52.312,-146.40332,20221222.1247.001,17026,3987,26.1,1.44,0.03,2
14,2022-12-22,15:01,2022-12-22T15:40Z,-52.312,-146.40332,20221222.1247.001,17027,3987,51.6,1.45,0.03,2
14,2022-12-22,15:01,2022-12-22T15:37Z,-52.312,-146.40332,20221222.1247.001,17028,3987,69.7,1.17,0.03,2
14,2022-12-22,15:01,2022-12-22T15:37Z,-52.312,-146.40332,20221222.1247.001,17028,3987,69.7,1.16,0.03,6
14,2022-12-22,15:01,2022-12-22T15:33Z,-52.312,-146.40332,20221222.1247.001,17029,3987,102.8,1.05,0.03,2
14,2022-12-22,15:01,2022-12-22T15:30Z,-52.312,-146.40332,20221222.1247.001,17030,3987,152.5,1.02,0.03,2
14,2022-12-22,15:01,2022-12-22T15:26Z,-52.312,-146.40332,20221222.1247.001,17031,3987,253.7,1.05,0.03,2
14,2022-12-22,15:01,2022-12-22T15:23Z,-52.312,-146.40332,20221222.1247.001,17032,3987,325.4,1.04,0.03,2
14,2022-12-22,15:01,2022-12-22T15:23Z,-52.312,-146.40332,20221222.1247.001,17032,3987,325.4,1.03,0.03,6
14,2022-12-22,15:01,2022-12-22T15:20Z,-52.312,-146.40332,20221222.1247.001,17033,3987,403.2,1.01,0.03,2
14,2022-12-22,15:01,2022-12-22T15:16Z,-52.312,-146.40332,20221222.1247.001,17034,3987,505.1,0.99,0.03,2
14,2022-12-22,15:01,2022-12-22T15:11Z,-52.312,-146.40332,20221222.1247.001,17035,3987,655.5,0.92,0.03,2
14,2022-12-22,15:01,2022-12-22T15:11Z,-52.312,-146.40332,20221222.1247.001,17035,3987,655.5,0.92,0.03,6
14,2022-12-22,15:01,2022-12-22T15:06Z,-52.312,-146.40332,20221222.1247.001,17036,3987,805.6,0.82,0.03,2
14,2022-12-22,15:01,2022-12-22T15:01Z,-52.312,-146.40332,20221222.1247.001,17037,3987,1004.4,0.70,0.03,2
14,2022-12-24,14:28,2022-12-24T15:38Z,-52.31024,-146.40088,20221224.0845.001,17147,3987,1114,0.62,0.03,3
14,2022-12-24,14:28,2022-12-24T15:34Z,-52.31024,-146.40088,20221224.0845.001,17148,3987,1216.1,0.54,0.03,3
14,2022-12-24,14:28,2022-12-24T15:34Z,-52.31024,-146.40088,20221224.0845.001,17148,3987,1216.1,0.53,0.03,6
14,2022-12-24,14:28,2022-12-24T15:30Z,-52.31024,-146.40088,20221224.0845.001,17149,3987,1316.6,0.33,0.03,3
14,2022-12-24,14:28,2022-12-24T15:27Z,-52.31024,-146.40088,20221224.0845.001,17150,3987,1467.9,0.44,0.03,3
14,2022-12-24,14:28,2022-12-24T15:22Z,-52.31024,-146.40088,20221224.0845.001,17151,3987,1619.7,0.26,0.03,3
14,2022-12-24,14:28,2022-12-24T15:18Z,-52.31024,-146.40088,20221224.0845.001,17152,3987,1772.2,0.41,0.03,3
14,2022-12-24,14:28,2022-12-24T15:13Z,-52.31024,-146.40088,20221224.0845.001,17153,3987,1924.6,0.39,0.03,3
14,2022-12-24,14:28,2022-12-24T15:08Z,-52.31024,-146.40088,20221224.0845.001,17154,3987,2128.5,0.15,0.03,3
14,2022-12-24,14:28,2022-12-24T15:02Z,-52.31024,-146.40088,20221224.0845.001,17155,3987,2330.1,0.09,0.03,3
14,2022-12-23,08:47,2022-12-23T09:51Z,-52.312,-146.4032,20221223.0551.001,17100,3987,2334.4,0.44,0.03,2
14,2022-12-23,08:47,2022-12-23T09:51Z,-52.312,-146.4032,20221223.0551.001,17100,3987,2334.4,0.42,0.03,6
14,2022-12-23,08:47,2022-12-23T09:40Z,-52.312,-146.4032,20221223.0551.001,17102,3987,2743.6,0.44,0.03,2
14,2022-12-23,08:47,2022-12-23T09:28Z,-52.312,-146.4032,20221223.0551.001,17104,3987,3149.6,0.43,0.03,2
14,2022-12-23,08:47,2022-12-23T09:28Z,-52.312,-146.4032,20221223.0551.001,17104,3987,3149.6,0.43,0.03,6
14,2022-12-23,08:47,2022-12-23T09:22Z,-52.312,-146.4032,20221223.0551.001,17105,3987,3352.2,0.42,0.03,2
14,2022-12-23,08:47,2022-12-23T09:17Z,-52.312,-146.4032,20221223.0551.001,17106,3987,3555.6,0.42,0.03,2
14,2022-12-23,08:47,2022-12-23T09:10Z,-52.312,-146.4032,20221223.0551.001,17107,3987,3760.7,0.38,0.03,2
14,2022-12-23,08:47,2022-12-23T09:04Z,-52.312,-146.4032,20221223.0551.001,17108,3987,3897.9,0.41,0.03,2
14,2022-12-23,08:47,2022-12-23T08:59Z,-52.312,-146.4032,20221223.0551.001,17109,3987,3978.6,0.35,0.03,2
14,2022-12-23,08:47,2022-12-23T08:55Z,-52.312,-146.4032,20221223.0551.001,17110,3987,4019.3,0.42,0.03,2
14,2022-12-23,08:47,2022-12-23T08:47Z,-52.312,-146.4032,20221223.0551.001,17111,3987,4044.9,0.42,0.03,2
15,2022-12-25,06:25,2022-12-25T07:04Z,-53.9998,-145.94964,20221225.0416.001,17214,3661,10.2,1.56,0.03,2
15,2022-12-25,06:25,2022-12-25T07:02Z,-53.9998,-145.94964,20221225.0416.001,17215,3661,30.2,1.59,0.03,2
15,2022-12-25,06:25,2022-12-25T07:00Z,-53.9998,-145.94964,20221225.0416.001,17216,3661,51.1,1.56,0.03,2
15,2022-12-25,06:25,2022-12-25T06:57Z,-53.9998,-145.94964,20221225.0416.001,17217,3661,77.4,1.19,0.03,2
15,2022-12-25,06:25,2022-12-25T06:57Z,-53.9998,-145.94964,20221225.0416.001,17217,3661,77.4,1.21,0.03,6
15,2022-12-25,06:25,2022-12-25T06:49Z,-53.9998,-145.94964,20221225.0416.001,17220,3661,204.5,1.07,0.03,2
15,2022-12-25,06:25,2022-12-25T06:46Z,-53.9998,-145.94964,20221225.0416.001,17221,3661,304.8,0.90,0.03,2
15,2022-12-25,06:25,2022-12-25T06:46Z,-53.9998,-145.94964,20221225.0416.001,17221,3661,304.8,0.89,0.03,6
15,2022-12-25,06:25,2022-12-25T06:41Z,-53.9998,-145.94964,20221225.0416.001,17222,3661,454.9,0.79,0.03,2
15,2022-12-25,06:25,2022-12-25T06:37Z,-53.9998,-145.94964,20221225.0416.001,17223,3661,606.5,0.61,0.03,2
15,2022-12-25,06:25,2022-12-25T06:33Z,-53.9998,-145.94964,20221225.0416.001,17224,3661,758.1,0.46,0.03,2
15,2022-12-25,06:25,2022-12-25T06:29Z,-53.9998,-145.94964,20221225.0416.001,17225,3661,910,0.41,0.03,2
15,2022-12-25,06:25,2022-12-25T06:29Z,-53.9998,-145.94964,20221225.0416.001,17225,3661,910,0.42,0.03,6
15,2022-12-25,06:25,2022-12-25T06:25Z,-53.9998,-145.94964,20221225.0416.001,17226,3661,1014,0.40,0.03,2
16,2022-12-26,06:44,2022-12-26T07:31Z,-55.00852,-145.66136,20221226.0531.001,17287,3228,12.1,1.35,0.03,2
16,2022-12-26,00:03,2022-12-26T00:46Z,-55.00852,-145.66132,20221225.2058.001,17270,3228,26.5,1.59,0.03,2
16,2022-12-26,00:03,2022-12-26T00:46Z,-55.00852,-145.66132,20221225.2058.001,17270,3228,26.5,1.57,0.03,6
16,2022-12-26,00:03,2022-12-26T00:44Z,-55.00852,-145.66132,20221225.2058.001,17271,3228,49.7,1.55,0.03,2
16,2022-12-26,00:03,2022-12-26T00:41Z,-55.00852,-145.66132,20221225.2058.001,17272,3228,77.7,1.26,0.03,2
16,2022-12-26,00:03,2022-12-26T00:38Z,-55.00852,-145.66132,20221225.2058.001,17273,3228,100.8,1.13,0.03,2
16,2022-12-26,00:03,2022-12-26T00:35Z,-55.00852,-145.66132,20221225.2058.001,17274,3228,153.6,1.05,0.03,2
16,2022-12-26,00:03,2022-12-26T00:35Z,-55.00852,-145.66132,20221225.2058.001,17274,3228,153.6,1.04,0.03,6
16,2022-12-26,00:03,2022-12-26T00:32Z,-55.00852,-145.66132,20221225.2058.001,17275,3228,206.5,1.05,0.03,2
16,2022-12-26,00:03,2022-12-26T00:29Z,-55.00852,-145.66132,20221225.2058.001,17276,3228,304.7,0.98,0.03,2
16,2022-12-26,00:03,2022-12-26T00:24Z,-55.00852,-145.66132,20221225.2058.001,17277,3228,455,0.91,0.03,2
16,2022-12-26,00:03,2022-12-26T00:20Z,-55.00852,-145.66132,20221225.2058.001,17278,3228,605.6,0.60,0.03,2
16,2022-12-26,00:03,2022-12-26T00:20Z,-55.00852,-145.66132,20221225.2058.001,17278,3228,605.6,0.60,0.03,6
16,2022-12-26,00:03,2022-12-26T00:15Z,-55.00852,-145.66132,20221225.2058.001,17279,3228,758.9,0.50,0.03,2
16,2022-12-26,00:03,2022-12-26T00:10Z,-55.00852,-145.66132,20221225.2058.001,17280,3228,911.4,0.43,0.03,2
16,2022-12-26,00:03,2022-12-26T00:03Z,-55.00852,-145.66132,20221225.2058.001,17281,3228,1112.5,0.39,0.03,2
16,2022-12-26,00:03,2022-12-26T00:03Z,-55.00852,-145.66132,20221225.2058.001,17281,3228,1112.5,0.39,0.03,6
16,2022-12-26,19:11,2022-12-26T20:12Z,-55.00814,-145.66114,20221226.1641.001,17331,3228,1315.4,0.41,0.03,2
16,2022-12-26,19:11,2022-12-26T20:07Z,-55.00814,-145.66114,20221226.1641.001,17332,3228,1517.2,0.41,0.03,2
16,2022-12-26,19:11,2022-12-26T20:01Z,-55.00814,-145.66114,20221226.1641.001,17333,3228,1772.2,0.42,0.03,2
16,2022-12-26,19:11,2022-12-26T20:01Z,-55.00814,-145.66114,20221226.1641.001,17333,3228,1772.2,0.42,0.03,6
16,2022-12-26,19:11,2022-12-26T19:48Z,-55.00814,-145.66114,20221226.1641.001,17335,3228,2284.4,0.45,0.03,2
16,2022-12-26,19:11,2022-12-26T19:42Z,-55.00814,-145.66114,20221226.1641.001,17336,3228,2539.9,0.44,0.03,2
16,2022-12-26,19:11,2022-12-26T19:42Z,-55.00814,-145.66114,20221226.1641.001,17336,3228,2539.9,0.44,0.03,6
16,2022-12-26,19:11,2022-12-26T19:29Z,-55.00814,-145.66114,20221226.1641.001,17338,3228,3044.1,0.42,0.03,2
16,2022-12-26,19:11,2022-12-26T19:26Z,-55.00814,-145.66114,20221226.1641.001,17339,3228,3115.9,0.43,0.03,2
16,2022-12-26,19:11,2022-12-26T19:22Z,-55.00814,-145.66114,20221226.1641.001,17340,3228,3197.4,0.43,0.03,2
16,2022-12-26,19:11,2022-12-26T19:22Z,-55.00814,-145.66114,20221226.1641.001,17340,3228,3197.4,0.43,0.03,6
16,2022-12-26,19:11,2022-12-26T19:18Z,-55.00814,-145.66114,20221226.1641.001,17341,3228,3236.7,0.43,0.03,2
16,2022-12-26,19:11,2022-12-26T19:11Z,-55.00814,-145.66114,20221226.1641.001,17342,3228,3264.2,0.43,0.03,2
18,2022-12-28,14:57,2022-12-28T15:39Z,-56.30046,-145.27964,20221228.1347.001,17392,2596,8.6,1.03,0.03,2
18,2022-12-29,03:00,2022-12-29T03:41Z,-56.29924,-145.27768,20221229.0034.001,17440,2596,26,0.98,0.03,2
18,2022-12-29,03:00,2022-12-29T03:41Z,-56.29924,-145.27768,20221229.0034.001,17440,2596,26,1.05,0.03,6
18,2022-12-29,03:00,2022-12-29T03:38Z,-56.29924,-145.27768,20221229.0034.001,17441,2596,46.6,1.05,0.03,2
18,2022-12-29,03:00,2022-12-29T03:36Z,-56.29924,-145.27768,20221229.0034.001,17442,2596,70.9,1.03,0.03,2
18,2022-12-29,03:00,2022-12-29T03:33Z,-56.29924,-145.27768,20221229.0034.001,17443,2596,100.9,1.02,0.03,2
18,2022-12-29,03:00,2022-12-29T03:30Z,-56.29924,-145.27768,20221229.0034.001,17444,2596,142.3,0.87,0.03,2
18,2022-12-29,03:00,2022-12-29T03:30Z,-56.29924,-145.27768,20221229.0034.001,17444,2596,142.3,0.88,0.03,6
18,2022-12-29,03:00,2022-12-29T03:27Z,-56.29924,-145.27768,20221229.0034.001,17445,2596,234.7,0.58,0.03,2
18,2022-12-29,03:00,2022-12-29T03:24Z,-56.29924,-145.27768,20221229.0034.001,17446,2596,305,0.48,0.03,2
18,2022-12-29,03:00,2022-12-29T03:20Z,-56.29924,-145.27768,20221229.0034.001,17447,2596,456.8,0.35,0.03,2
18,2022-12-29,03:00,2022-12-29T03:16Z,-56.29924,-145.27768,20221229.0034.001,17448,2596,609.2,0.35,0.03,2
18,2022-12-29,03:00,2022-12-29T03:10Z,-56.29924,-145.27768,20221229.0034.001,17449,2596,809.9,0.39,0.03,2
18,2022-12-29,03:00,2022-12-29T03:10Z,-56.29924,-145.27768,20221229.0034.001,17449,2596,809.9,0.38,0.03,6
18,2022-12-29,03:00,2022-12-29T03:05Z,-56.29924,-145.27768,20221229.0034.001,17450,2596,1013.2,0.42,0.03,2
18,2022-12-29,03:00,2022-12-29T03:00Z,-56.29924,-145.27768,20221229.0034.001,17451,2596,1215.3,0.43,0.03,2
18,2022-12-28,00:11,2022-12-28T01:00Z,-56.30038,-145.2796,20221227.2224.001,17346,2596,1420.7,0.43,0.03,2
18,2022-12-28,00:11,2022-12-28T01:00Z,-56.30038,-145.2796,20221227.2224.001,17346,2596,1420.7,0.42,0.03,6
18,2022-12-28,00:11,2022-12-28T00:53Z,-56.30038,-145.2796,20221227.2224.001,17347,2596,1724.6,0.43,0.03,2
18,2022-12-28,00:11,2022-12-28T00:46Z,-56.30038,-145.2796,20221227.2224.001,17348,2596,2029.5,0.42,0.03,2
18,2022-12-28,00:11,2022-12-28T00:36Z,-56.30038,-145.2796,20221227.2224.001,17350,2596,2309.2,0.40,0.03,2
18,2022-12-28,00:11,2022-12-28T00:36Z,-56.30038,-145.2796,20221227.2224.001,17350,2596,2309.2,0.41,0.03,6
18,2022-12-28,00:11,2022-12-28T00:33Z,-56.30038,-145.2796,20221227.2224.001,17351,2596,2360,0.41,0.03,2
18,2022-12-28,00:11,2022-12-28T00:30Z,-56.30038,-145.2796,20221227.2224.001,17352,2596,2411.2,0.40,0.03,2
18,2022-12-28,00:11,2022-12-28T00:27Z,-56.30038,-145.2796,20221227.2224.001,17353,2596,2472.1,0.41,0.03,2
18,2022-12-28,00:11,2022-12-28T00:27Z,-56.30038,-145.2796,20221227.2224.001,17353,2596,2472.1,0.41,0.03,6
18,2022-12-28,00:11,2022-12-28T00:21Z,-56.30038,-145.2796,20221227.2224.001,17354,2596,2513.2,0.39,0.03,2
18,2022-12-28,00:11,2022-12-28T00:19Z,-56.30038,-145.2796,20221227.2224.001,17355,2596,2553.9,0.42,0.03,2
18,2022-12-28,00:11,2022-12-28T00:16Z,-56.30038,-145.2796,20221227.2224.001,17356,2596,2593.4,0.41,0.03,2
18,2022-12-28,00:11,2022-12-28T00:11Z,-56.30038,-145.2796,20221227.2224.001,17357,2596,2619.6,0.36,0.03,2
18,2022-12-28,00:11,2022-12-28T00:11Z,-56.30038,-145.2796,20221227.2224.001,17357,2596,2619.6,0.39,0.03,6
20,2022-12-30,03:35,2022-12-30T04:10Z,-57.60156,-144.85818,20221230.0150.001,17520,3131,9.4,1.00,0.03,2
20,2022-12-30,03:35,2022-12-30T04:10Z,-57.60156,-144.85818,20221230.0150.001,17520,3131,9.4,1.01,0.03,6
20,2022-12-29,20:15,2022-12-29T20:48Z,-57.60154,-144.85814,20221229.1815.001,17485,3131,45.7,1.00,0.03,2
20,2022-12-29,20:15,2022-12-29T20:45Z,-57.60154,-144.85814,20221229.1815.001,17486,3131,65.7,0.99,0.03,2
20,2022-12-29,20:15,2022-12-29T20:45Z,-57.60154,-144.85814,20221229.1815.001,17486,3131,65.7,0.97,0.03,6
20,2022-12-29,20:15,2022-12-29T20:40Z,-57.60154,-144.85814,20221229.1815.001,17488,3131,115.9,0.86,0.03,2
20,2022-12-29,20:15,2022-12-29T20:37Z,-57.60154,-144.85814,20221229.1815.001,17489,3131,153.2,0.80,0.03,2
20,2022-12-29,20:15,2022-12-29T20:37Z,-57.60154,-144.85814,20221229.1815.001,17489,3131,153.2,0.80,0.03,6
20,2022-12-29,20:15,2022-12-29T20:34Z,-57.60154,-144.85814,20221229.1815.001,17490,3131,204.2,0.62,0.03,2
20,2022-12-29,20:15,2022-12-29T20:32Z,-57.60154,-144.85814,20221229.1815.001,17491,3131,254.3,0.97,0.03,2
20,2022-12-29,20:15,2022-12-29T20:28Z,-57.60154,-144.85814,20221229.1815.001,17492,3131,354.7,0.34,0.03,2
20,2022-12-29,20:15,2022-12-29T20:24Z,-57.60154,-144.85814,20221229.1815.001,17493,3131,455,0.35,0.03,2
20,2022-12-29,20:15,2022-12-29T20:19Z,-57.60154,-144.85814,20221229.1815.001,17494,3131,555.4,0.35,0.03,2
20,2022-12-29,20:15,2022-12-29T20:15Z,-57.60154,-144.85814,20221229.1815.001,17495,3131,656.3,0.34,0.03,2
20,2022-12-30,18:56,2022-12-30T19:48Z,-57.60116,-144.8583,20221230.1720.001,17564,3131,659.4,0.36,0.03,2
20,2022-12-30,18:56,2022-12-30T19:37Z,-57.60116,-144.8583,20221230.1720.001,17566,3131,1013.6,0.38,0.03,2
20,2022-12-30,18:56,2022-12-30T19:27Z,-57.60116,-144.8583,20221230.1720.001,17568,3131,1419,0.42,0.03,2
20,2022-12-30,18:56,2022-12-30T19:27Z,-57.60116,-144.8583,20221230.1720.001,17568,3131,1419,0.44,0.03,6
20,2022-12-30,18:56,2022-12-30T19:21Z,-57.60116,-144.8583,20221230.1720.001,17569,3131,1621.7,0.42,0.03,2
20,2022-12-30,18:56,2022-12-30T19:14Z,-57.60116,-144.8583,20221230.1720.001,17570,3131,1772.6,0.40,0.03,2
20,2022-12-30,18:56,2022-12-30T19:09Z,-57.60116,-144.8583,20221230.1720.001,17571,3131,1925.6,0.40,0.03,2
20,2022-12-30,18:56,2022-12-30T19:07Z,-57.60116,-144.8583,20221230.1720.001,17572,3131,1966.3,0.41,0.03,2
20,2022-12-30,18:56,2022-12-30T19:02Z,-57.60116,-144.8583,20221230.1720.001,17573,3131,2028.5,0.43,0.03,2
20,2022-12-30,18:56,2022-12-30T18:59Z,-57.60116,-144.8583,20221230.1720.001,17574,3131,2078.4,0.41,0.03,2
20,2022-12-30,18:56,2022-12-30T18:56Z,-57.60116,-144.8583,20221230.1720.001,17575,3131,2127.8,0.43,0.03,2
20,2023-01-01,02:31,2023-01-01T03:22Z,-57.6006,-144.85502,20221231.0657.001,17581,3131,2131.2,0.42,0.03,2
20,2023-01-01,02:31,2023-01-01T03:18Z,-57.6006,-144.85502,20221231.0657.001,17582,3131,2232.3,0.42,0.03,2
20,2023-01-01,02:31,2023-01-01T03:13Z,-57.6006,-144.85502,20221231.0657.001,17583,3131,2434.2,0.41,0.03,2
20,2023-01-01,02:31,2023-01-01T03:06Z,-57.6006,-144.85502,20221231.0657.001,17584,3131,2639.9,0.42,0.03,2
20,2023-01-01,02:31,2023-01-01T03:03Z,-57.6006,-144.85502,20221231.0657.001,17585,3131,2740.4,0.42,0.03,2
20,2023-01-01,02:31,2023-01-01T03:03Z,-57.6006,-144.85502,20221231.0657.001,17585,3131,2740.4,0.42,0.03,6
20,2023-01-01,02:31,2023-01-01T02:59Z,-57.6006,-144.85502,20221231.0657.001,17586,3131,2840.9,0.41,0.03,2
20,2023-01-01,02:31,2023-01-01T02:55Z,-57.6006,-144.85502,20221231.0657.001,17587,3131,2944.5,0.42,0.03,2
20,2023-01-01,02:31,2023-01-01T02:52Z,-57.6006,-144.85502,20221231.0657.001,17588,3131,3016.3,0.41,0.03,2
20,2023-01-01,02:31,2023-01-01T02:49Z,-57.6006,-144.85502,20221231.0657.001,17589,3131,3059.1,0.41,0.03,2
20,2023-01-01,02:31,2023-01-01T02:45Z,-57.6006,-144.85502,20221231.0657.001,17590,3131,3099.3,0.40,0.03,2
20,2023-01-01,02:31,2023-01-01T02:45Z,-57.6006,-144.85502,20221231.0657.001,17590,3131,3099.3,0.43,0.03,6
20,2023-01-01,02:31,2023-01-01T02:39Z,-57.6006,-144.85502,20221231.0657.001,17591,3131,3141.1,0.42,0.03,2
20,2023-01-01,02:31,2023-01-01T02:31Z,-57.6006,-144.85502,20221231.0657.001,17592,3131,3164.5,0.41,0.03,2
22,2023-01-01,19:50,2023-01-01T20:32Z,-59.99892,-144.00018,20230101.1822.001,17644,3427,28.6,1.24,0.03,2
22,2023-01-01,19:50,2023-01-01T20:32Z,-59.99892,-144.00018,20230101.1822.001,17644,3427,28.6,1.23,0.03,6
22,2023-01-01,19:50,2023-01-01T20:29Z,-59.99892,-144.00018,20230101.1822.001,17645,3427,55.9,1.14,0.03,2
22,2023-01-01,19:50,2023-01-01T20:26Z,-59.99892,-144.00018,20230101.1822.001,17646,3427,92.1,1.02,0.03,2
22,2023-01-01,19:50,2023-01-01T20:23Z,-59.99892,-144.00018,20230101.1822.001,17647,3427,127.2,0.87,0.03,2
22,2023-01-01,19:50,2023-01-01T20:20Z,-59.99892,-144.00018,20230101.1822.001,17648,3427,203.3,0.29,0.03,2
22,2023-01-01,19:50,2023-01-01T20:17Z,-59.99892,-144.00018,20230101.1822.001,17649,3427,305,0.27,0.03,2
22,2023-01-01,19:50,2023-01-01T20:13Z,-59.99892,-144.00018,20230101.1822.001,17650,3427,405,0.20,0.03,3
22,2023-01-01,19:50,2023-01-01T20:09Z,-59.99892,-144.00018,20230101.1822.001,17651,3427,556.5,0.33,0.03,2
22,2023-01-01,19:50,2023-01-01T20:05Z,-59.99892,-144.00018,20230101.1822.001,17652,3427,708.8,0.37,0.03,2
22,2023-01-01,19:50,2023-01-01T20:00Z,-59.99892,-144.00018,20230101.1822.001,17653,3427,861.2,0.40,0.03,2
22,2023-01-01,19:50,2023-01-01T20:00Z,-59.99892,-144.00018,20230101.1822.001,17653,3427,861.2,0.41,0.03,6
22,2023-01-01,19:50,2023-01-01T19:55Z,-59.99892,-144.00018,20230101.1822.001,17654,3427,1013.2,0.41,0.03,2
22,2023-01-01,19:50,2023-01-01T19:50Z,-59.99892,-144.00018,20230101.1822.001,17655,3427,1214.7,0.39,0.03,2
22,2023-01-02,12:27,2023-01-02T13:38Z,-59.9969,-143.9992,20230102.0830.001,17676,3427,1419.9,0.38,0.03,2
22,2023-01-02,12:27,2023-01-02T13:31Z,-59.9969,-143.9992,20230102.0830.001,17677,3427,1675.1,0.39,0.03,2
22,2023-01-02,12:27,2023-01-02T13:31Z,-59.9969,-143.9992,20230102.0830.001,17677,3427,1675.1,0.41,0.03,6
22,2023-01-02,12:27,2023-01-02T13:20Z,-59.9969,-143.9992,20230102.0830.001,17679,3427,2129.5,0.42,0.03,2
22,2023-01-02,12:27,2023-01-02T13:15Z,-59.9969,-143.9992,20230102.0830.001,17680,3427,2336.5,0.42,0.03,2
22,2023-01-02,12:27,2023-01-02T13:08Z,-59.9969,-143.9992,20230102.0830.001,17681,3427,2592,0.41,0.03,2
22,2023-01-02,12:27,2023-01-02T13:01Z,-59.9969,-143.9992,20230102.0830.001,17682,3427,2847.9,0.41,0.03,2
22,2023-01-02,12:27,2023-01-02T13:01Z,-59.9969,-143.9992,20230102.0830.001,17682,3427,2847.9,0.41,0.03,6
22,2023-01-02,12:27,2023-01-02T12:54Z,-59.9969,-143.9992,20230102.0830.001,17683,3427,3102.3,0.41,0.03,2
22,2023-01-02,12:27,2023-01-02T12:45Z,-59.9969,-143.9992,20230102.0830.001,17684,3427,3322,0.42,0.03,2
22,2023-01-02,12:27,2023-01-02T12:41Z,-59.9969,-143.9992,20230102.0830.001,17685,3427,3404.6,0.41,0.03,2
22,2023-01-02,12:27,2023-01-02T12:41Z,-59.9969,-143.9992,20230102.0830.001,17685,3427,3404.6,0.42,0.03,6
22,2023-01-02,12:27,2023-01-02T12:36Z,-59.9969,-143.9992,20230102.0830.001,17686,3427,3444.7,0.40,0.03,2
22,2023-01-02,12:27,2023-01-02T12:27Z,-59.9969,-143.9992,20230102.0830.001,17687,3427,3471.1,0.42,0.03,2
23,2023-01-03,20:13,2023-01-03T21:33Z,-62.49822,-142.99925,20230103.1621.001,17753,3907,8.8,1.32,0.03,2
23,2023-01-03,20:13,2023-01-03T21:33Z,-62.49822,-142.99925,20230103.1621.001,17753,3907,8.8,1.33,0.03,6
23,2023-01-03,20:13,2023-01-03T21:30Z,-62.49822,-142.99925,20230103.1621.001,17754,3907,25.7,1.30,0.03,2
23,2023-01-03,20:13,2023-01-03T21:27Z,-62.49822,-142.99925,20230103.1621.001,17755,3907,51.1,1.29,0.03,2
23,2023-01-03,20:13,2023-01-03T21:24Z,-62.49822,-142.99925,20230103.1621.001,17756,3907,80.6,1.03,0.03,2
23,2023-01-03,20:13,2023-01-03T21:24Z,-62.49822,-142.99925,20230103.1621.001,17756,3907,80.6,1.05,0.03,6
23,2023-01-03,20:13,2023-01-03T21:21Z,-62.49822,-142.99925,20230103.1621.001,17757,3907,122.9,0.96,0.03,2
23,2023-01-03,20:13,2023-01-03T21:13Z,-62.49822,-142.99925,20230103.1621.001,17759,3907,327.5,0.33,0.03,2
23,2023-01-03,20:13,2023-01-03T21:09Z,-62.49822,-142.99925,20230103.1621.001,17760,3907,456,0.35,0.03,2
23,2023-01-03,20:13,2023-01-03T21:04Z,-62.49822,-142.99925,20230103.1621.001,17761,3907,608.5,0.35,0.03,2
23,2023-01-03,20:13,2023-01-03T20:56Z,-62.49822,-142.99925,20230103.1621.001,17762,3907,1014.6,0.38,0.03,2
23,2023-01-03,20:13,2023-01-03T20:29Z,-62.49822,-142.99925,20230103.1621.001,17763,3907,1420.5,0.40,0.03,2
23,2023-01-03,20:13,2023-01-03T20:29Z,-62.49822,-142.99925,20230103.1621.001,17763,3907,1420.5,0.40,0.03,6
23,2023-01-03,20:13,2023-01-03T20:19Z,-62.49822,-142.99925,20230103.1621.001,17764,3907,1824.9,0.40,0.03,2
23,2023-01-03,20:13,2023-01-03T20:13Z,-62.49822,-142.99925,20230103.1621.001,17765,3907,2028.4,0.39,0.03,2
24,2023-01-04,16:09,2023-01-04T16:50Z,-65.00338,-138.99796,20230104.1321.001,17774,4476,30.6,1.27,0.03,2
24,2023-01-04,16:09,2023-01-04T16:47Z,-65.00338,-138.99796,20230104.1321.001,17775,4476,46.1,1.19,0.03,2
24,2023-01-04,16:09,2023-01-04T16:44Z,-65.00338,-138.99796,20230104.1321.001,17776,4476,66.4,1.07,0.03,2
24,2023-01-04,16:09,2023-01-04T16:41Z,-65.00338,-138.99796,20230104.1321.001,17777,4476,96.6,0.99,0.03,2
24,2023-01-04,16:09,2023-01-04T16:39Z,-65.00338,-138.99796,20230104.1321.001,17778,4476,127.2,0.97,0.03,2
24,2023-01-04,16:09,2023-01-04T16:36Z,-65.00338,-138.99796,20230104.1321.001,17779,4476,152.6,0.85,0.03,2
24,2023-01-04,16:09,2023-01-04T16:36Z,-65.00338,-138.99796,20230104.1321.001,17779,4476,152.6,0.85,0.03,6
24,2023-01-04,16:09,2023-01-04T16:33Z,-65.00338,-138.99796,20230104.1321.001,17780,4476,204.1,0.39,0.03,2
24,2023-01-04,16:09,2023-01-04T16:29Z,-65.00338,-138.99796,20230104.1321.001,17781,4476,329.8,0.34,0.03,2
24,2023-01-04,16:09,2023-01-04T16:25Z,-65.00338,-138.99796,20230104.1321.001,17782,4476,456.5,0.36,0.03,2
24,2023-01-04,16:09,2023-01-04T16:20Z,-65.00338,-138.99796,20230104.1321.001,17783,4476,607,0.40,0.03,2
24,2023-01-04,16:09,2023-01-04T16:15Z,-65.00338,-138.99796,20230104.1321.001,17784,4476,810.3,0.37,0.03,2
24,2023-01-04,16:09,2023-01-04T16:09Z,-65.00338,-138.99796,20230104.1321.001,17785,4476,1012.5,0.38,0.03,2
25,2023-01-05,22:36,2023-01-05T23:28Z,-66.99984,-134.99946,20230105.2003.001,17883,4590,9.2,1.27,0.03,2
25,2023-01-05,12:59,2023-01-05T13:47Z,-66.9998,-134.99944,20230105.0727.001,17841,4590,26.4,1.30,0.03,2
25,2023-01-05,12:59,2023-01-05T13:45Z,-66.9998,-134.99944,20230105.0727.001,17842,4590,41.3,1.14,0.03,2
25,2023-01-05,12:59,2023-01-05T13:42Z,-66.9998,-134.99944,20230105.0727.001,17843,4590,86.9,0.99,0.03,2
25,2023-01-05,12:59,2023-01-05T13:39Z,-66.9998,-134.99944,20230105.0727.001,17844,4590,127.8,0.96,0.03,2
25,2023-01-05,12:59,2023-01-05T13:36Z,-66.9998,-134.99944,20230105.0727.001,17845,4590,178.2,0.69,0.03,2
25,2023-01-05,12:59,2023-01-05T13:36Z,-66.9998,-134.99944,20230105.0727.001,17845,4590,178.2,0.70,0.03,6
25,2023-01-05,12:59,2023-01-05T13:32Z,-66.9998,-134.99944,20230105.0727.001,17846,4590,279.7,0.34,0.03,2
25,2023-01-05,12:59,2023-01-05T13:28Z,-66.9998,-134.99944,20230105.0727.001,17847,4590,380.6,0.31,0.03,2
25,2023-01-05,12:59,2023-01-05T13:24Z,-66.9998,-134.99944,20230105.0727.001,17848,4590,507.2,0.36,0.03,2
25,2023-01-05,12:59,2023-01-05T13:19Z,-66.9998,-134.99944,20230105.0727.001,17849,4590,759.8,0.38,0.03,2
25,2023-01-05,12:59,2023-01-05T13:12Z,-66.9998,-134.99944,20230105.0727.001,17850,4590,963.9,0.40,0.03,2
25,2023-01-05,12:59,2023-01-05T13:05Z,-66.9998,-134.99944,20230105.0727.001,17851,4590,1267.6,0.39,0.03,2
25,2023-01-05,12:59,2023-01-05T12:59Z,-66.9998,-134.99944,20230105.0727.001,17852,4590,1520.4,0.41,0.03,2
25,2023-01-05,12:59,2023-01-05T12:59Z,-66.9998,-134.99944,20230105.0727.001,17852,4590,1520.4,0.41,0.03,6
25,2023-01-06,17:01,2023-01-06T18:25Z,-66.99992,-135.00062,20230106.1017.001,17909,4590,1776.5,0.40,0.03,2
25,2023-01-06,17:01,2023-01-06T18:19Z,-66.99992,-135.00062,20230106.1017.001,17910,4590,2030.6,0.40,0.03,2
25,2023-01-06,17:01,2023-01-06T18:11Z,-66.99992,-135.00062,20230106.1017.001,17911,4590,2334.8,0.39,0.03,2
25,2023-01-06,17:01,2023-01-06T18:04Z,-66.99992,-135.00062,20230106.1017.001,17912,4590,2644.1,0.41,0.03,2
25,2023-01-06,17:01,2023-01-06T18:04Z,-66.99992,-135.00062,20230106.1017.001,17912,4590,2644.1,0.42,0.03,6
25,2023-01-06,17:01,2023-01-06T17:57Z,-66.99992,-135.00062,20230106.1017.001,17913,4590,2952,0.41,0.03,2
25,2023-01-06,17:01,2023-01-06T17:49Z,-66.99992,-135.00062,20230106.1017.001,17914,4590,3258,0.41,0.03,2
25,2023-01-06,17:01,2023-01-06T17:37Z,-66.99992,-135.00062,20230106.1017.001,17915,4590,3670.2,0.41,0.03,2
25,2023-01-06,17:01,2023-01-06T17:28Z,-66.99992,-135.00062,20230106.1017.001,17916,4590,4080.2,0.41,0.03,2
25,2023-01-06,17:01,2023-01-06T17:19Z,-66.99992,-135.00062,20230106.1017.001,17917,4590,4522.4,0.42,0.03,2
25,2023-01-06,17:01,2023-01-06T17:14Z,-66.99992,-135.00062,20230106.1017.001,17918,4590,4604.6,0.43,0.03,2
25,2023-01-06,17:01,2023-01-06T17:08Z,-66.99992,-135.00062,20230106.1017.001,17919,4590,4645.9,0.41,0.03,2
25,2023-01-06,17:01,2023-01-06T17:08Z,-66.99992,-135.00062,20230106.1017.001,17919,4590,4645.9,0.43,0.03,6
25,2023-01-06,17:01,2023-01-06T17:01Z,-66.99992,-135.00062,20230106.1017.001,17920,4590,4671.6,0.42,0.03,2
26,2023-01-07,17:51,2023-01-07T18:31Z,-66.9871,-125.1937,20230107.1509.001,17952,4221,7.7,1.30,0.03,2
26,2023-01-07,17:51,2023-01-07T18:29Z,-66.9871,-125.1937,20230107.1509.001,17953,4221,26,1.21,0.03,2
26,2023-01-07,17:51,2023-01-07T18:26Z,-66.9871,-125.1937,20230107.1509.001,17954,4221,51.3,0.91,0.03,2
26,2023-01-07,17:51,2023-01-07T18:26Z,-66.9871,-125.1937,20230107.1509.001,17954,4221,51.3,0.91,0.03,6
26,2023-01-07,17:51,2023-01-07T18:24Z,-66.9871,-125.1937,20230107.1509.001,17955,4221,76.2,0.80,0.03,2
26,2023-01-07,17:51,2023-01-07T18:21Z,-66.9871,-125.1937,20230107.1509.001,17956,4221,112.3,0.73,0.03,2
26,2023-01-07,17:51,2023-01-07T18:18Z,-66.9871,-125.1937,20230107.1509.001,17957,4221,152.4,0.57,0.03,2
26,2023-01-07,17:51,2023-01-07T18:16Z,-66.9871,-125.1937,20230107.1509.001,17958,4221,203.1,0.45,0.03,2
26,2023-01-07,17:51,2023-01-07T18:12Z,-66.9871,-125.1937,20230107.1509.001,17959,4221,280.4,0.33,0.03,2
26,2023-01-07,17:51,2023-01-07T18:09Z,-66.9871,-125.1937,20230107.1509.001,17960,4221,381,0.33,0.03,2
26,2023-01-07,17:51,2023-01-07T18:05Z,-66.9871,-125.1937,20230107.1509.001,17961,4221,506.8,0.35,0.03,2
26,2023-01-07,17:51,2023-01-07T18:05Z,-66.9871,-125.1937,20230107.1509.001,17961,4221,506.8,0.35,0.03,6
26,2023-01-07,17:51,2023-01-07T18:01Z,-66.9871,-125.1937,20230107.1509.001,17962,4221,658.1,0.38,0.03,2
26,2023-01-07,17:51,2023-01-07T17:56Z,-66.9871,-125.1937,20230107.1509.001,17963,4221,810.4,0.38,0.03,2
26,2023-01-07,17:51,2023-01-07T17:51Z,-66.9871,-125.1937,20230107.1509.001,17964,4221,1012.7,0.40,0.03,2
27,2023-01-09,06:51,2023-01-09T07:36Z,-66.98626,-115.0293,20230109.0340.001,18033,4741,9.4,1.20,0.03,2
27,2023-01-09,06:51,2023-01-09T07:36Z,-66.98626,-115.0293,20230109.0340.001,18033,4741,9.4,1.19,0.03,6
27,2023-01-08,20:31,2023-01-08T21:13Z,-67.00024,-115.00796,20230108.1943.001,17996,4741,26,1.22,0.03,2
27,2023-01-08,20:31,2023-01-08T21:10Z,-67.00024,-115.00796,20230108.1943.001,17997,4741,55.8,1.08,0.03,2
27,2023-01-08,20:31,2023-01-08T21:08Z,-67.00024,-115.00796,20230108.1943.001,17998,4741,81.7,0.97,0.03,2
27,2023-01-08,20:31,2023-01-08T21:05Z,-67.00024,-115.00796,20230108.1943.001,17999,4741,102,0.92,0.03,2
27,2023-01-08,20:31,2023-01-08T21:02Z,-67.00024,-115.00796,20230108.1943.001,18000,4741,152.6,0.78,0.03,2
27,2023-01-08,20:31,2023-01-08T20:59Z,-67.00024,-115.00796,20230108.1943.001,18001,4741,204,0.57,0.03,2
27,2023-01-08,20:31,2023-01-08T20:56Z,-67.00024,-115.00796,20230108.1943.001,18002,4741,304.5,0.38,0.03,2
27,2023-01-08,20:31,2023-01-08T20:52Z,-67.00024,-115.00796,20230108.1943.001,18003,4741,405.7,0.35,0.03,2
27,2023-01-08,20:31,2023-01-08T20:48Z,-67.00024,-115.00796,20230108.1943.001,18004,4741,506.7,0.35,0.03,2
27,2023-01-08,20:31,2023-01-08T20:42Z,-67.00024,-115.00796,20230108.1943.001,18005,4741,709.3,0.37,0.03,2
27,2023-01-08,20:31,2023-01-08T20:37Z,-67.00024,-115.00796,20230108.1943.001,18006,4741,912.7,0.34,0.03,2
27,2023-01-08,20:31,2023-01-08T20:31Z,-67.00024,-115.00796,20230108.1943.001,18007,4741,1116.9,0.42,0.03,2
27,2023-01-09,17:06,2023-01-09T17:49Z,-66.98722,-115.03,20230109.1445.001,18056,4741,1267.8,0.40,0.03,2
27,2023-01-09,17:06,2023-01-09T17:44Z,-66.98722,-115.03,20230109.1445.001,18057,4741,1420.1,0.41,0.03,2
27,2023-01-09,17:06,2023-01-09T17:39Z,-66.98722,-115.03,20230109.1445.001,18058,4741,1622.7,0.41,0.03,2
27,2023-01-09,17:06,2023-01-09T17:39Z,-66.98722,-115.03,20230109.1445.001,18058,4741,1622.7,0.42,0.03,6
27,2023-01-09,17:06,2023-01-09T17:33Z,-66.98722,-115.03,20230109.1445.001,18059,4741,1826.5,0.41,0.03,2
27,2023-01-09,17:06,2023-01-09T17:28Z,-66.98722,-115.03,20230109.1445.001,18060,4741,2031.7,0.42,0.03,2
27,2023-01-09,17:06,2023-01-09T17:22Z,-66.98722,-115.03,20230109.1445.001,18061,4741,2235.8,0.41,0.03,2
27,2023-01-09,17:06,2023-01-09T17:17Z,-66.98722,-115.03,20230109.1445.001,18062,4741,2436.7,0.41,0.03,2
27,2023-01-09,17:06,2023-01-09T17:11Z,-66.98722,-115.03,20230109.1445.001,18063,4741,2637.8,0.40,0.03,2
27,2023-01-09,17:06,2023-01-09T17:06Z,-66.98722,-115.03,20230109.1445.001,18064,4741,2844.9,0.40,0.03,2
27,2023-01-10,13:30,2023-01-10T14:34Z,-66.99626,-115.00492,20230110.0813.001,18101,4741,2848.4,0.41,0.03,2
27,2023-01-10,13:30,2023-01-10T14:34Z,-66.99626,-115.00492,20230110.0813.001,18101,4741,2848.4,0.41,0.03,6
27,2023-01-10,13:30,2023-01-10T14:29Z,-66.99626,-115.00492,20230110.0813.001,18102,4741,3052.4,0.42,0.03,2
27,2023-01-10,13:30,2023-01-10T14:23Z,-66.99626,-115.00492,20230110.0813.001,18103,4741,3307.6,0.41,0.03,2
27,2023-01-10,13:30,2023-01-10T14:17Z,-66.99626,-115.00492,20230110.0813.001,18104,4741,3562.4,0.41,0.03,2
27,2023-01-10,13:30,2023-01-10T14:11Z,-66.99626,-115.00492,20230110.0813.001,18105,4741,3820.2,0.41,0.03,2
27,2023-01-10,13:30,2023-01-10T13:59Z,-66.99626,-115.00492,20230110.0813.001,18107,4741,4336.2,0.41,0.03,2
27,2023-01-10,13:30,2023-01-10T13:52Z,-66.99626,-115.00492,20230110.0813.001,18108,4741,4593.5,0.41,0.03,2
27,2023-01-10,13:30,2023-01-10T13:48Z,-66.99626,-115.00492,20230110.0813.001,18109,4741,4676.7,0.41,0.03,2
27,2023-01-10,13:30,2023-01-10T13:48Z,-66.99626,-115.00492,20230110.0813.001,18109,4741,4676.7,0.42,0.03,6
27,2023-01-10,13:30,2023-01-10T13:43Z,-66.99626,-115.00492,20230110.0813.001,18110,4741,4760.1,0.42,0.03,2
27,2023-01-10,13:30,2023-01-10T13:37Z,-66.99626,-115.00492,20230110.0813.001,18111,4741,4802.6,0.40,0.03,2
27,2023-01-10,13:30,2023-01-10T13:30Z,-66.99626,-115.00492,20230110.0813.001,18112,4741,4828.8,0.40,0.03,2
29,2023-01-12,11:32,2023-01-12T12:19Z,-66.99848,-100.00242,20230112.0803.001,18166,4688,8.9,1.37,0.03,2
29,2023-01-12,04:06,2023-01-12T04:53Z,-66.99848,-100.00002,20230112.0119.001,18146,4688,26.5,1.35,0.03,2
29,2023-01-12,04:06,2023-01-12T04:51Z,-66.99848,-100.00002,20230112.0119.001,18147,4688,51.4,1.31,0.03,2
29,2023-01-12,04:06,2023-01-12T04:48Z,-66.99848,-100.00002,20230112.0119.001,18148,4688,86.5,1.08,0.03,2
29,2023-01-12,04:06,2023-01-12T04:48Z,-66.99848,-100.00002,20230112.0119.001,18148,4688,86.5,1.07,0.03,6
29,2023-01-12,04:06,2023-01-12T04:45Z,-66.99848,-100.00002,20230112.0119.001,18149,4688,117.5,0.98,0.03,2
29,2023-01-12,04:06,2023-01-12T04:45Z,-66.99848,-100.00002,20230112.0119.001,18149,4688,117.5,0.98,0.03,6
29,2023-01-12,04:06,2023-01-12T04:39Z,-66.99848,-100.00002,20230112.0119.001,18151,4688,242,0.53,0.03,2
29,2023-01-12,04:06,2023-01-12T04:34Z,-66.99848,-100.00002,20230112.0119.001,18152,4688,409,0.36,0.03,2
29,2023-01-12,04:06,2023-01-12T04:29Z,-66.99848,-100.00002,20230112.0119.001,18153,4688,583.2,0.36,0.03,2
29,2023-01-12,04:06,2023-01-12T04:23Z,-66.99848,-100.00002,20230112.0119.001,18154,4688,757.3,0.37,0.03,2
29,2023-01-12,04:06,2023-01-12T04:17Z,-66.99848,-100.00002,20230112.0119.001,18155,4688,1011.9,0.40,0.03,2
29,2023-01-12,04:06,2023-01-12T04:12Z,-66.99848,-100.00002,20230112.0119.001,18156,4688,1268.2,0.41,0.03,2
29,2023-01-12,04:06,2023-01-12T04:06Z,-66.99848,-100.00002,20230112.0119.001,18157,4688,1518.8,0.42,0.03,2
29,2023-01-12,18:48,2023-01-12T20:12Z,-66.99832,-100.00236,20230112.1348.001,18203,4688,1827.1,0.42,0.03,2
29,2023-01-12,18:48,2023-01-12T20:03Z,-66.99832,-100.00236,20230112.1348.001,18204,4688,2235.2,0.41,0.03,2
29,2023-01-12,18:48,2023-01-12T20:03Z,-66.99832,-100.00236,20230112.1348.001,18204,4688,2235.2,0.40,0.03,6
29,2023-01-12,18:48,2023-01-12T19:55Z,-66.99832,-100.00236,20230112.1348.001,18205,4688,2592.3,0.40,0.03,2
29,2023-01-12,18:48,2023-01-12T19:40Z,-66.99832,-100.00236,20230112.1348.001,18207,4688,3258.5,0.42,0.03,2
29,2023-01-12,18:48,2023-01-12T19:40Z,-66.99832,-100.00236,20230112.1348.001,18207,4688,3258.5,0.42,0.03,6
29,2023-01-12,18:48,2023-01-12T19:31Z,-66.99832,-100.00236,20230112.1348.001,18208,4688,3567.1,0.41,0.03,2
29,2023-01-12,18:48,2023-01-12T19:23Z,-66.99832,-100.00236,20230112.1348.001,18209,4688,3872.7,0.41,0.03,2
29,2023-01-12,18:48,2023-01-12T19:15Z,-66.99832,-100.00236,20230112.1348.001,18210,4688,4279.1,0.41,0.03,2
29,2023-01-12,18:48,2023-01-12T19:15Z,-66.99832,-100.00236,20230112.1348.001,18210,4688,4279.1,0.42,0.03,6
29,2023-01-12,18:48,2023-01-12T19:07Z,-66.99832,-100.00236,20230112.1348.001,18211,4688,4624.7,0.41,0.03,2
29,2023-01-12,18:48,2023-01-12T19:03Z,-66.99832,-100.00236,20230112.1348.001,18212,4688,4706.6,0.39,0.03,2
29,2023-01-12,18:48,2023-01-12T18:55Z,-66.99832,-100.00236,20230112.1348.001,18213,4688,4747.6,0.40,0.03,2
29,2023-01-12,18:48,2023-01-12T18:55Z,-66.99832,-100.00236,20230112.1348.001,18213,4688,4747.6,0.41,0.03,6
29,2023-01-12,18:48,2023-01-12T18:48Z,-66.99832,-100.00236,20230112.1348.001,18214,4688,4774.7,0.40,0.03,2
30,2023-01-13,17:27,2023-01-13T18:12Z,-64.99995,-92.49975,20230113.1522.001,18242,4495,5.3,1.42,0.03,2
30,2023-01-13,17:27,2023-01-13T18:09Z,-64.99995,-92.49975,20230113.1522.001,18243,4495,26,1.42,0.03,2
30,2023-01-13,17:27,2023-01-13T18:09Z,-64.99995,-92.49975,20230113.1522.001,18243,4495,26,1.42,0.03,6
30,2023-01-13,17:27,2023-01-13T18:06Z,-64.99995,-92.49975,20230113.1522.001,18244,4495,56.3,1.31,0.03,2
30,2023-01-13,17:27,2023-01-13T18:03Z,-64.99995,-92.49975,20230113.1522.001,18245,4495,81.4,1.12,0.03,2
30,2023-01-13,17:27,2023-01-13T18:01Z,-64.99995,-92.49975,20230113.1522.001,18246,4495,106.8,1.08,0.03,2
30,2023-01-13,17:27,2023-01-13T18:01Z,-64.99995,-92.49975,20230113.1522.001,18246,4495,106.8,1.08,0.03,6
30,2023-01-13,17:27,2023-01-13T17:55Z,-64.99995,-92.49975,20230113.1522.001,18248,4495,203,0.74,0.03,2
30,2023-01-13,17:27,2023-01-13T17:50Z,-64.99995,-92.49975,20230113.1522.001,18249,4495,303.1,0.51,0.03,2
30,2023-01-13,17:27,2023-01-13T17:50Z,-64.99995,-92.49975,20230113.1522.001,18249,4495,303.1,0.52,0.03,6
30,2023-01-13,17:27,2023-01-13T17:45Z,-64.99995,-92.49975,20230113.1522.001,18250,4495,431.3,0.37,0.03,2
30,2023-01-13,17:27,2023-01-13T17:40Z,-64.99995,-92.49975,20230113.1522.001,18251,4495,557.2,0.35,0.03,2
30,2023-01-13,17:27,2023-01-13T17:37Z,-64.99995,-92.49975,20230113.1522.001,18252,4495,633,0.34,0.03,2
30,2023-01-13,17:27,2023-01-13T17:32Z,-64.99995,-92.49975,20230113.1522.001,18253,4495,812,0.36,0.03,2
30,2023-01-13,17:27,2023-01-13T17:32Z,-64.99995,-92.49975,20230113.1522.001,18253,4495,812,0.34,0.03,6
30,2023-01-13,17:27,2023-01-13T17:27Z,-64.99995,-92.49975,20230113.1522.001,18254,4495,1014.4,0.37,0.03,2
32,2023-01-15,15:06,,-59.99842,-82.49562,20230116.1837.001,18365,5034,11.3,1.33,0.03,2
32,2023-01-15,15:06,2023-01-15T16:01Z,-59.99842,-82.49562,20230115.0959.001,18283,5034,27.5,1.40,0.03,2
32,2023-01-15,15:06,2023-01-15T15:57Z,-59.99842,-82.49562,20230115.0959.001,18284,5034,72.5,1.41,0.03,2
32,2023-01-15,15:06,2023-01-15T15:54Z,-59.99842,-82.49562,20230115.0959.001,18285,5034,132.2,1.16,0.03,2
32,2023-01-15,15:06,2023-01-15T15:54Z,-59.99842,-82.49562,20230115.0959.001,18285,5034,132.2,1.16,0.03,6
32,2023-01-15,15:06,2023-01-15T15:51Z,-59.99842,-82.49562,20230115.0959.001,18286,5034,177.9,1.06,0.03,2
32,2023-01-15,15:06,2023-01-15T15:38Z,-59.99842,-82.49562,20230115.0959.001,18289,5034,530.1,0.90,0.03,2
32,2023-01-15,15:06,2023-01-15T15:34Z,-59.99842,-82.49562,20230115.0959.001,18290,5034,688.4,0.76,0.03,2
32,2023-01-15,15:06,2023-01-15T15:34Z,-59.99842,-82.49562,20230115.0959.001,18290,5034,688.4,0.75,0.03,6
32,2023-01-15,15:06,2023-01-15T15:26Z,-59.99842,-82.49562,20230115.0959.001,18291,5034,961.3,0.46,0.03,2
32,2023-01-15,15:06,2023-01-15T15:19Z,-59.99842,-82.49562,20230115.0959.001,18292,5034,1266,0.38,0.03,2
32,2023-01-15,15:06,2023-01-15T15:13Z,-59.99842,-82.49562,20230115.0959.001,18293,5034,1517.9,0.37,0.03,2
32,2023-01-15,15:06,2023-01-15T15:13Z,-59.99842,-82.49562,20230115.0959.001,18293,5034,1517.9,0.38,0.03,6
32,2023-01-15,15:06,2023-01-15T15:06Z,-59.99842,-82.49562,20230115.0959.001,18294,5034,1821.2,0.38,0.03,2
32,2023-01-16,04:02,,-59.99842,-82.49562,20230116.1412.001,18357,5034,2029.9,0.39,0.03,2
32,2023-01-16,04:02,,-59.99842,-82.49562,20230116.1412.001,18357,5034,2029.9,0.41,0.03,6
32,2023-01-16,04:02,,-59.99842,-82.49562,20230116.1412.001,18358,5034,2235.2,0.41,0.03,2
32,2023-01-16,04:02,2023-01-16T05:16Z,-59.9984,-82.49551,20230115.1113.001,18331,5034,2437.3,0.39,0.03,2
32,2023-01-16,04:02,2023-01-16T05:16Z,-59.9984,-82.49551,20230115.1113.001,18332,5034,2744.6,0.40,0.03,2
32,2023-01-16,04:02,2023-01-16T05:16Z,-59.9984,-82.49551,20230115.1113.001,18332,5034,2744.6,0.40,0.03,6
32,2023-01-16,04:02,2023-01-16T05:06Z,-59.9984,-82.49551,20230115.1113.001,18333,5034,3203.9,0.40,0.03,2
32,2023-01-16,04:02,2023-01-16T04:56Z,-59.9984,-82.49551,20230115.1113.001,18334,5034,3667.4,0.39,0.03,2
32,2023-01-16,04:02,2023-01-16T04:46Z,-59.9984,-82.49551,20230115.1113.001,18335,5034,4080.6,0.41,0.03,2
32,2023-01-16,04:02,2023-01-16T04:46Z,-59.9984,-82.49551,20230115.1113.001,18335,5034,4080.6,0.42,0.03,6
32,2023-01-16,04:02,2023-01-16T04:33Z,-59.9984,-82.49551,20230115.1113.001,18336,5034,4592.2,0.41,0.03,2
32,2023-01-16,04:02,2023-01-16T04:25Z,-59.9984,-82.49551,20230115.1113.001,18337,5034,4979.3,0.40,0.03,2
32,2023-01-16,04:02,2023-01-16T04:21Z,-59.9984,-82.49551,20230115.1113.001,18338,5034,5058.7,0.40,0.03,2
32,2023-01-16,04:02,2023-01-16T04:18Z,-59.9984,-82.49551,20230115.1113.001,18339,5034,5101.6,0.38,0.03,2
32,2023-01-16,04:02,2023-01-16T04:02Z,-59.9984,-82.49551,20230115.1113.001,18340,5034,5126.3,0.40,0.03,2
32,2023-01-16,04:02,2023-01-16T04:02Z,-59.9984,-82.49551,20230115.1113.001,18340,5034,5126.3,0.43,0.03,6
34,2023-01-18,16:32,2023-01-18T17:34Z,-55.00034,-77.09704,20230118.1219.001,18404,4067,1266.8,0.53,0.03,2
34,2023-01-18,16:32,2023-01-18T17:27Z,-55.00034,-77.09704,20230118.1219.001,18405,4067,1518.4,0.37,0.03,2
34,2023-01-18,16:32,2023-01-18T17:27Z,-55.00034,-77.09704,20230118.1219.001,18405,4067,1518.4,0.38,0.03,6
34,2023-01-18,16:32,2023-01-18T17:20Z,-55.00034,-77.09704,20230118.1219.001,18406,4067,1774.3,0.29,0.03,2
34,2023-01-18,16:32,2023-01-18T17:13Z,-55.00034,-77.09704,20230118.1219.001,18407,4067,2029.4,0.25,0.03,2
34,2023-01-18,16:32,2023-01-18T17:07Z,-55.00034,-77.09704,20230118.1219.001,18408,4067,2181.2,0.26,0.03,2
34,2023-01-18,16:32,2023-01-18T17:07Z,-55.00034,-77.09704,20230118.1219.001,18408,4067,2181.2,0.27,0.03,6
34,2023-01-18,16:32,2023-01-18T16:52Z,-55.00034,-77.09704,20230118.1219.001,18411,4067,2639.2,0.35,0.03,2
34,2023-01-18,16:32,2023-01-18T16:47Z,-55.00034,-77.09704,20230118.1219.001,18412,4067,2794.6,0.36,0.03,2
34,2023-01-18,16:32,2023-01-18T16:42Z,-55.00034,-77.09704,20230118.1219.001,18413,4067,2946.3,0.36,0.03,2
34,2023-01-18,16:32,2023-01-18T16:42Z,-55.00034,-77.09704,20230118.1219.001,18413,4067,2946.3,0.36,0.03,6
34,2023-01-18,16:32,2023-01-18T16:32Z,-55.00034,-77.09704,20230118.1219.001,18415,4067,3301.7,0.55,0.03,2
35,2023-01-19,22:40,2023-01-19T23:36Z,-54.35106,-76.54926,20230119.2105.001,18485,3999,10,1.41,0.03,2
35,2023-01-19,12:08,2023-01-19T12:58Z,-54.35114,-76.5493,20230119.0906.001,18454,3999,26.5,1.38,0.03,2
35,2023-01-19,12:08,2023-01-19T12:58Z,-54.35114,-76.5493,20230119.0906.001,18454,3999,26.5,1.36,0.03,6
35,2023-01-19,12:08,2023-01-19T12:55Z,-54.35114,-76.5493,20230119.0906.001,18455,3999,61.7,1.38,0.03,2
35,2023-01-19,12:08,2023-01-19T12:52Z,-54.35114,-76.5493,20230119.0906.001,18456,3999,87.3,1.31,0.03,2
35,2023-01-19,12:08,2023-01-19T12:48Z,-54.35114,-76.5493,20230119.0906.001,18457,3999,127.2,1.13,0.03,2
35,2023-01-19,12:08,2023-01-19T12:48Z,-54.35114,-76.5493,20230119.0906.001,18457,3999,127.2,1.09,0.03,6
35,2023-01-19,12:08,2023-01-19T12:45Z,-54.35114,-76.5493,20230119.0906.001,18458,3999,201.3,1.04,0.03,2
35,2023-01-19,12:08,2023-01-19T12:42Z,-54.35114,-76.5493,20230119.0906.001,18459,3999,280.6,1.01,0.03,2
35,2023-01-19,12:08,2023-01-19T12:37Z,-54.35114,-76.5493,20230119.0906.001,18460,3999,456.4,1.05,0.03,2
35,2023-01-19,12:08,2023-01-19T12:32Z,-54.35114,-76.5493,20230119.0906.001,18461,3999,632.3,0.98,0.03,2
35,2023-01-19,12:08,2023-01-19T12:21Z,-54.35114,-76.5493,20230119.0906.001,18463,3999,1011.6,0.62,0.03,2
35,2023-01-19,12:08,2023-01-19T12:14Z,-54.35114,-76.5493,20230119.0906.001,18464,3999,1263.7,0.44,0.03,2
35,2023-01-19,12:08,2023-01-19T12:14Z,-54.35114,-76.5493,20230119.0906.001,18464,3999,1263.7,0.45,0.03,6
35,2023-01-19,12:08,2023-01-19T12:08Z,-54.35114,-76.5493,20230119.0906.001,18465,3999,1518.5,0.31,0.03,2
35,2023-01-20,19:14,2023-01-20T20:21Z,-54.3519,-76.54824,20230120.1248.001,18533,3999,2029.5,0.23,0.03,2
35,2023-01-20,19:14,2023-01-20T20:14Z,-54.3519,-76.54824,20230120.1248.001,18534,3999,2284.7,0.23,0.03,2
35,2023-01-20,19:14,2023-01-20T20:07Z,-54.3519,-76.54824,20230120.1248.001,18535,3999,2539,0.23,0.03,2
35,2023-01-20,19:14,2023-01-20T20:07Z,-54.3519,-76.54824,20230120.1248.001,18535,3999,2539,0.25,0.03,6
35,2023-01-20,19:14,2023-01-20T20:00Z,-54.3519,-76.54824,20230120.1248.001,18536,3999,2794.2,0.26,0.03,2
35,2023-01-20,19:14,2023-01-20T19:54Z,-54.3519,-76.54824,20230120.1248.001,18537,3999,3049.5,0.30,0.03,2
35,2023-01-20,19:14,2023-01-20T19:47Z,-54.3519,-76.54824,20230120.1248.001,18538,3999,3305.6,0.36,0.03,2
35,2023-01-20,19:14,2023-01-20T19:47Z,-54.3519,-76.54824,20230120.1248.001,18538,3999,3305.6,0.36,0.03,6
35,2023-01-20,19:14,2023-01-20T19:33Z,-54.3519,-76.54824,20230120.1248.001,18540,3999,3904.1,0.39,0.03,2
35,2023-01-20,19:14,2023-01-20T19:28Z,-54.3519,-76.54824,20230120.1248.001,18541,3999,3985.6,0.38,0.03,2
35,2023-01-20,19:14,2023-01-20T19:22Z,-54.3519,-76.54824,20230120.1248.001,18542,3999,4027.4,0.37,0.03,2
35,2023-01-20,19:14,2023-01-20T19:22Z,-54.3519,-76.54824,20230120.1248.001,18542,3999,4027.4,0.38,0.03,6
35,2023-01-20,19:14,2023-01-20T19:14Z,-54.3519,-76.54824,20230120.1248.001,18543,3999,4053.3,0.38,0.03,2
36,2023-01-21,17:57,2023-01-21T19:01Z,-53.7023,-76.00048,20230121.1355.001,18580,4142,1519.9,0.38,0.03,2
36,2023-01-21,17:57,2023-01-21T18:56Z,-53.7023,-76.00048,20230121.1355.001,18581,4142,1724.7,0.28,0.03,2
36,2023-01-21,17:57,2023-01-21T18:50Z,-53.7023,-76.00048,20230121.1355.001,18582,4142,1927.5,0.27,0.03,2
36,2023-01-21,17:57,2023-01-21T18:50Z,-53.7023,-76.00048,20230121.1355.001,18582,4142,1927.5,0.28,0.03,6
36,2023-01-21,17:57,2023-01-21T18:44Z,-53.7023,-76.00048,20230121.1355.001,18583,4142,2129.6,0.26,0.03,2
36,2023-01-21,17:57,2023-01-21T18:38Z,-53.7023,-76.00048,20230121.1355.001,18584,4142,2334,0.20,0.03,2
36,2023-01-21,17:57,2023-01-21T18:31Z,-53.7023,-76.00048,20230121.1355.001,18585,4142,2535.4,0.21,0.03,2
36,2023-01-21,17:57,2023-01-21T18:31Z,-53.7023,-76.00048,20230121.1355.001,18585,4142,2535.4,0.24,0.03,6
36,2023-01-21,17:57,2023-01-21T18:25Z,-53.7023,-76.00048,20230121.1355.001,18586,4142,2741.7,0.22,0.03,2
36,2023-01-21,17:57,2023-01-21T18:19Z,-53.7023,-76.00048,20230121.1355.001,18587,4142,2948.5,0.23,0.03,2
36,2023-01-21,17:57,2023-01-21T18:14Z,-53.7023,-76.00048,20230121.1355.001,18588,4142,3152.5,0.25,0.03,2
36,2023-01-21,17:57,2023-01-21T18:14Z,-53.7023,-76.00048,20230121.1355.001,18588,4142,3152.5,0.30,0.03,6
36,2023-01-21,17:57,2023-01-21T18:08Z,-53.7023,-76.00048,20230121.1355.001,18589,4142,3354.2,0.33,0.03,2
36,2023-01-21,17:57,2023-01-21T18:02Z,-53.7023,-76.00048,20230121.1355.001,18590,4142,3558.9,0.37,0.03,2
36,2023-01-21,17:57,2023-01-21T17:57Z,-53.7023,-76.00048,20230121.1355.001,18591,4142,3763.1,0.39,0.03,2
36,2023-01-21,17:57,2023-01-21T17:57Z,-53.7023,-76.00048,20230121.1355.001,18591,4142,3763.1,0.40,0.03,6
37,2023-01-23,01:31,2023-01-23T02:08Z,-53.49938,-75.75084,20230122.2252.001,18715,3345,10.2,1.33,0.03,2
37,2023-01-23,01:31,2023-01-23T02:08Z,-53.49938,-75.75084,20230122.2252.001,18715,3345,10.2,1.32,0.03,6
37,2023-01-22,15:22,2023-01-22T15:58Z,-53.49922,-75.7511,20230122.1406.001,18655,3345,26.2,1.49,0.03,2
37,2023-01-22,15:22,2023-01-22T15:55Z,-53.49922,-75.7511,20230122.1406.001,18656,3345,50.6,1.40,0.03,2
37,2023-01-22,15:22,2023-01-22T15:53Z,-53.49922,-75.7511,20230122.1406.001,18657,3345,82.3,1.37,0.03,2
37,2023-01-22,15:22,2023-01-22T15:50Z,-53.49922,-75.7511,20230122.1406.001,18658,3345,113,1.35,0.03,2
37,2023-01-22,15:22,2023-01-22T15:47Z,-53.49922,-75.7511,20230122.1406.001,18659,3345,149,1.26,0.03,2
37,2023-01-22,15:22,2023-01-22T15:44Z,-53.49922,-75.7511,20230122.1406.001,18660,3345,177.9,1.08,0.03,2
37,2023-01-22,15:22,2023-01-22T15:41Z,-53.49922,-75.7511,20230122.1406.001,18661,3345,227.7,1.07,0.03,2
37,2023-01-22,15:22,2023-01-22T15:38Z,-53.49922,-75.7511,20230122.1406.001,18662,3345,278.1,1.06,0.03,2
37,2023-01-22,15:22,2023-01-22T15:34Z,-53.49922,-75.7511,20230122.1406.001,18663,3345,380.2,1.08,0.03,2
37,2023-01-22,15:22,2023-01-22T15:30Z,-53.49922,-75.7511,20230122.1406.001,18664,3345,481.1,1.06,0.03,2
37,2023-01-22,15:22,2023-01-22T15:30Z,-53.49922,-75.7511,20230122.1406.001,18664,3345,481.1,1.06,0.03,6
37,2023-01-22,15:22,2023-01-22T15:27Z,-53.49922,-75.7511,20230122.1406.001,18665,3345,584,1.09,0.03,2
37,2023-01-23,17:16,2023-01-23T17:58Z,-53.49878,-75.74771,20230123.1430.001,18728,3345,682.4,1.01,0.03,2
37,2023-01-23,17:16,2023-01-23T17:58Z,-53.49878,-75.74771,20230123.1430.001,18728,3345,682.4,1.01,0.03,6
37,2023-01-22,15:22,2023-01-22T15:23Z,-53.49922,-75.7511,20230122.1406.001,18666,3345,684.5,1.00,0.03,2
37,2023-01-23,17:16,2023-01-23T17:50Z,-53.49878,-75.74771,20230123.1430.001,18730,3345,911.2,0.80,0.03,2
37,2023-01-23,17:16,2023-01-23T17:44Z,-53.49878,-75.74771,20230123.1430.001,18731,3345,1113.3,0.64,0.03,2
37,2023-01-23,17:16,2023-01-23T17:38Z,-53.49878,-75.74771,20230123.1430.001,18732,3345,1318.3,0.43,0.03,2
37,2023-01-23,17:16,2023-01-23T17:33Z,-53.49878,-75.74771,20230123.1430.001,18733,3345,1520.6,0.31,0.03,2
37,2023-01-23,17:16,2023-01-23T17:29Z,-53.49878,-75.74771,20230123.1430.001,18734,3345,1670.5,0.27,0.03,2
37,2023-01-23,17:16,2023-01-23T17:25Z,-53.49878,-75.74771,20230123.1430.001,18735,3345,1775.3,0.26,0.03,2
37,2023-01-23,17:16,2023-01-23T17:21Z,-53.49878,-75.74771,20230123.1430.001,18736,3345,1928.3,0.24,0.03,2
37,2023-01-23,17:16,2023-01-23T17:21Z,-53.49878,-75.74771,20230123.1430.001,18736,3345,1928.3,0.26,0.03,6
37,2023-01-22,03:44,2023-01-22T04:37Z,-53.49912,-75.75098,20230121.2303.001,18640,3345,2079.5,0.23,0.03,2
37,2023-01-23,17:16,2023-01-23T17:16Z,-53.49878,-75.74771,20230123.1430.001,18737,3345,2081.2,0.22,0.03,2
37,2023-01-22,03:44,2023-01-22T04:32Z,-53.49912,-75.75098,20230121.2303.001,18641,3345,2233.1,0.22,0.03,2
37,2023-01-22,03:44,2023-01-22T04:32Z,-53.49912,-75.75098,20230121.2303.001,18641,3345,2233.1,0.23,0.03,6
37,2023-01-22,03:44,2023-01-22T04:27Z,-53.49912,-75.75098,20230121.2303.001,18642,3345,2384.7,0.22,0.03,2
37,2023-01-22,03:44,2023-01-22T04:22Z,-53.49912,-75.75098,20230121.2303.001,18643,3345,2539.1,0.21,0.03,2
37,2023-01-22,03:44,2023-01-22T04:17Z,-53.49912,-75.75098,20230121.2303.001,18644,3345,2691.5,0.20,0.03,2
37,2023-01-22,03:44,2023-01-22T04:13Z,-53.49912,-75.75098,20230121.2303.001,18645,3345,2845.1,0.22,0.03,2
37,2023-01-22,03:44,2023-01-22T04:13Z,-53.49912,-75.75098,20230121.2303.001,18645,3345,2845.1,0.24,0.03,6
37,2023-01-22,03:44,2023-01-22T04:08Z,-53.49912,-75.75098,20230121.2303.001,18646,3345,2997.2,0.26,0.03,2
37,2023-01-22,03:44,2023-01-22T04:04Z,-53.49912,-75.75098,20230121.2303.001,18647,3345,3150.7,0.27,0.03,2
37,2023-01-22,03:44,2023-01-22T04:00Z,-53.49912,-75.75098,20230121.2303.001,18648,3345,3239.4,0.29,0.03,2
37,2023-01-22,03:44,2023-01-22T04:00Z,-53.49912,-75.75098,20230121.2303.001,18648,3345,3239.4,0.29,0.03,6
37,2023-01-22,03:44,2023-01-22T03:55Z,-53.49912,-75.75098,20230121.2303.001,18649,3345,3320.8,0.31,0.03,2
37,2023-01-22,03:44,2023-01-22T03:49Z,-53.49912,-75.75098,20230121.2303.001,18650,3345,3362.3,0.33,0.03,2
37,2023-01-22,03:44,2023-01-22T03:44Z,-53.49912,-75.75098,20230121.2303.001,18651,3345,3387.2,0.32,0.03,2
37,2023-01-22,03:44,2023-01-22T03:44Z,-53.49912,-75.75098,20230121.2303.001,18651,3345,3387.2,0.34,0.03,6
38,2023-01-24,03:21,2023-01-24T03:29Z,-52.7021,-75.09732,20230124.0234.001,18752,93,25.8,1.60,0.03,2
38,2023-01-24,03:21,2023-01-24T03:27Z,-52.7021,-75.09732,20230124.0234.001,18753,93,40.7,1.50,0.03,2
38,2023-01-24,03:21,2023-01-24T03:24Z,-52.7021,-75.09732,20230124.0234.001,18754,93,61.1,1.49,0.03,2
38,2023-01-24,03:21,2023-01-24T03:21Z,-52.7021,-75.09732,20230124.0234.001,18755,93,75.9,1.48,0.03,2
